-- phpMyAdmin SQL Dump
-- version 5.2.1
-- https://www.phpmyadmin.net/
--
-- Εξυπηρετητής: 127.0.0.1
-- Χρόνος δημιουργίας: 22 Μάη 2026 στις 02:04:00
-- Έκδοση διακομιστή: 10.4.32-MariaDB
-- Έκδοση PHP: 8.2.12

SET SQL_MODE = "NO_AUTO_VALUE_ON_ZERO";
START TRANSACTION;
SET time_zone = "+00:00";


/*!40101 SET @OLD_CHARACTER_SET_CLIENT=@@CHARACTER_SET_CLIENT */;
/*!40101 SET @OLD_CHARACTER_SET_RESULTS=@@CHARACTER_SET_RESULTS */;
/*!40101 SET @OLD_COLLATION_CONNECTION=@@COLLATION_CONNECTION */;
/*!40101 SET NAMES utf8mb4 */;

--
-- Βάση δεδομένων: `epodb`
--
DROP DATABASE IF EXISTS `epodb`;
CREATE DATABASE `epodb` DEFAULT CHARACTER SET utf8mb4 COLLATE utf8mb4_general_ci;
USE `epodb`;

-- --------------------------------------------------------

--
-- Δομή πίνακα για τον πίνακα `matches`
--

CREATE TABLE `matches` (
  `id` int(11) NOT NULL,
  `matchday` int(11) NOT NULL,
  `home_team_id` int(11) DEFAULT NULL,
  `away_team_id` int(11) DEFAULT NULL,
  `status` enum('pending','live','finished') DEFAULT 'pending',
  `home_score` int(11) DEFAULT 0,
  `away_score` int(11) DEFAULT 0
) ENGINE=InnoDB DEFAULT CHARSET=utf8mb4 COLLATE=utf8mb4_general_ci;

--
-- Άδειασμα δεδομένων του πίνακα `matches`
--

INSERT INTO `matches` (`id`, `matchday`, `home_team_id`, `away_team_id`, `status`, `home_score`, `away_score`) VALUES
(106, 1, 8, 5, 'finished', 1, 1),
(107, 1, 10, 4, 'finished', 0, 2),
(108, 1, 3, 1, 'finished', 2, 1),
(109, 1, 9, 7, 'finished', 0, 0),
(110, 1, 6, 2, 'finished', 1, 3),
(111, 2, 4, 8, 'finished', 3, 0),
(112, 2, 5, 1, 'finished', 1, 2),
(113, 2, 10, 7, 'finished', 1, 1),
(114, 2, 3, 2, 'finished', 0, 0),
(115, 2, 9, 6, 'finished', 2, 0),
(116, 3, 8, 1, 'finished', 0, 1),
(117, 3, 4, 7, 'finished', 2, 0),
(118, 3, 5, 2, 'finished', 0, 2),
(119, 3, 10, 6, 'finished', 2, 1),
(120, 3, 3, 9, 'finished', 3, 1),
(121, 4, 7, 8, 'live', 0, 0),
(122, 4, 1, 2, 'live', 0, 0),
(123, 4, 4, 6, 'live', 0, 0),
(124, 4, 5, 9, 'live', 0, 0),
(125, 4, 10, 3, 'live', 0, 0),
(126, 5, 8, 2, 'pending', 0, 0),
(127, 5, 7, 6, 'pending', 0, 0),
(128, 5, 1, 9, 'pending', 0, 0),
(129, 5, 4, 3, 'pending', 0, 0),
(130, 5, 5, 10, 'pending', 0, 0),
(131, 6, 6, 8, 'pending', 0, 0),
(132, 6, 2, 9, 'pending', 0, 0),
(133, 6, 7, 3, 'pending', 0, 0),
(134, 6, 1, 10, 'pending', 0, 0),
(135, 6, 4, 5, 'pending', 0, 0),
(136, 7, 8, 9, 'pending', 0, 0),
(137, 7, 6, 3, 'pending', 0, 0),
(138, 7, 2, 10, 'pending', 0, 0),
(139, 7, 7, 5, 'pending', 0, 0),
(140, 7, 1, 4, 'pending', 0, 0),
(141, 8, 3, 8, 'pending', 0, 0),
(142, 8, 9, 10, 'pending', 0, 0),
(143, 8, 6, 5, 'pending', 0, 0),
(144, 8, 2, 4, 'pending', 0, 0),
(145, 8, 7, 1, 'pending', 0, 0),
(146, 9, 8, 10, 'pending', 0, 0),
(147, 9, 3, 5, 'pending', 0, 0),
(148, 9, 9, 4, 'pending', 0, 0),
(149, 9, 6, 1, 'pending', 0, 0),
(150, 9, 2, 7, 'pending', 0, 0);

-- --------------------------------------------------------

--
-- Δομή πίνακα για τον πίνακα `match_events`
--

CREATE TABLE `match_events` (
  `id` int(11) NOT NULL,
  `match_id` int(11) DEFAULT NULL,
  `player_id` int(11) DEFAULT NULL,
  `goals` int(11) DEFAULT 0,
  `shots_on_target` int(11) DEFAULT 0,
  `shots_off_target` int(11) DEFAULT 0,
  `tackles_succ` int(11) DEFAULT 0,
  `tackles_fail` int(11) DEFAULT 0,
  `passes_succ` int(11) DEFAULT 0,
  `passes_fail` int(11) DEFAULT 0,
  `crosses_succ` int(11) DEFAULT 0,
  `crosses_fail` int(11) DEFAULT 0,
  `assists` int(11) DEFAULT 0,
  `errors` int(11) DEFAULT 0,
  `fouls_won` int(11) DEFAULT 0,
  `fouls_committed` int(11) DEFAULT 0,
  `corners_won` int(11) DEFAULT 0,
  `yellow_cards` int(11) DEFAULT 0,
  `red_cards` int(11) DEFAULT 0
) ENGINE=InnoDB DEFAULT CHARSET=utf8mb4 COLLATE=utf8mb4_general_ci;

--
-- Άδειασμα δεδομένων του πίνακα `match_events`
--

INSERT INTO `match_events` (`id`, `match_id`, `player_id`, `goals`, `shots_on_target`, `shots_off_target`, `tackles_succ`, `tackles_fail`, `passes_succ`, `passes_fail`, `crosses_succ`, `crosses_fail`, `assists`, `errors`, `fouls_won`, `fouls_committed`, `corners_won`, `yellow_cards`, `red_cards`) VALUES
(1, 106, 89, 0, 0, 0, 0, 1, 25, 3, 1, 1, 0, 0, 2, 0, 1, 0, 0),
(2, 106, 90, 0, 0, 1, 1, 0, 29, 2, 0, 2, 0, 0, 2, 0, 0, 0, 0),
(3, 106, 91, 0, 1, 0, 0, 2, 22, 4, 0, 0, 0, 0, 0, 0, 1, 1, 0),
(4, 106, 92, 0, 1, 2, 0, 2, 42, 9, 2, 2, 0, 0, 2, 0, 0, 0, 0),
(5, 106, 93, 0, 1, 0, 1, 0, 42, 10, 0, 1, 0, 1, 2, 2, 0, 0, 0),
(6, 106, 94, 0, 1, 1, 0, 2, 20, 8, 0, 0, 0, 0, 1, 0, 1, 0, 0),
(7, 106, 95, 0, 2, 1, 0, 1, 17, 8, 2, 0, 0, 1, 2, 1, 0, 0, 0),
(8, 106, 96, 0, 2, 0, 3, 0, 40, 10, 0, 2, 0, 1, 1, 0, 0, 0, 0),
(9, 106, 97, 0, 1, 1, 1, 0, 33, 6, 0, 2, 0, 0, 1, 1, 0, 0, 0),
(10, 106, 98, 1, 2, 1, 1, 1, 32, 9, 1, 2, 0, 0, 1, 1, 0, 0, 0),
(11, 106, 99, 0, 2, 2, 3, 0, 33, 1, 1, 2, 0, 0, 2, 1, 1, 0, 0),
(12, 106, 122, 0, 0, 0, 3, 0, 31, 1, 1, 2, 0, 0, 1, 2, 0, 0, 0),
(13, 106, 123, 0, 2, 2, 0, 1, 42, 1, 2, 0, 0, 0, 0, 0, 0, 0, 0),
(14, 106, 124, 0, 0, 2, 1, 2, 28, 1, 2, 1, 0, 0, 1, 2, 0, 1, 0),
(15, 106, 125, 0, 2, 2, 2, 2, 44, 10, 1, 0, 0, 1, 2, 0, 1, 0, 0),
(16, 106, 126, 0, 1, 0, 3, 2, 33, 5, 1, 1, 0, 0, 1, 0, 0, 0, 0),
(17, 106, 127, 0, 0, 2, 1, 0, 36, 1, 0, 1, 0, 0, 0, 2, 0, 1, 0),
(18, 106, 128, 0, 1, 2, 2, 1, 23, 6, 2, 1, 0, 1, 0, 1, 0, 0, 0),
(19, 106, 129, 1, 3, 1, 0, 1, 23, 5, 1, 1, 0, 0, 2, 2, 0, 0, 0),
(20, 106, 130, 0, 0, 2, 0, 1, 16, 2, 1, 0, 0, 1, 0, 2, 0, 0, 0),
(21, 106, 131, 0, 0, 0, 3, 2, 16, 6, 2, 1, 0, 1, 1, 0, 1, 0, 0),
(22, 106, 132, 0, 2, 1, 3, 0, 41, 2, 0, 2, 0, 0, 1, 0, 1, 0, 0),
(23, 107, 78, 0, 0, 0, 1, 2, 25, 8, 2, 0, 0, 0, 1, 1, 0, 1, 0),
(24, 107, 79, 1, 3, 1, 1, 1, 29, 4, 0, 0, 0, 0, 1, 0, 1, 0, 0),
(25, 107, 80, 0, 2, 0, 1, 1, 37, 10, 1, 2, 0, 0, 0, 1, 0, 0, 0),
(26, 107, 81, 0, 0, 2, 1, 1, 25, 8, 2, 0, 0, 0, 2, 2, 1, 0, 0),
(27, 107, 82, 0, 2, 1, 1, 2, 18, 7, 2, 1, 0, 1, 0, 0, 0, 0, 0),
(28, 107, 83, 0, 1, 1, 2, 2, 20, 6, 0, 2, 0, 1, 0, 0, 0, 0, 0),
(29, 107, 84, 1, 1, 0, 3, 2, 28, 10, 1, 2, 0, 0, 1, 0, 1, 1, 0),
(30, 107, 85, 0, 0, 2, 2, 0, 34, 9, 0, 1, 0, 0, 1, 1, 0, 0, 0),
(31, 107, 86, 0, 3, 0, 1, 1, 33, 6, 2, 1, 0, 1, 0, 1, 0, 0, 0),
(32, 107, 87, 0, 1, 2, 1, 2, 15, 9, 2, 1, 0, 0, 0, 1, 0, 0, 0),
(33, 107, 88, 0, 0, 2, 1, 1, 40, 3, 1, 0, 0, 0, 1, 0, 0, 0, 0),
(34, 107, 144, 0, 0, 0, 2, 0, 37, 1, 2, 0, 0, 0, 1, 1, 1, 0, 0),
(35, 107, 145, 0, 2, 1, 3, 2, 21, 8, 2, 2, 0, 1, 1, 1, 1, 0, 0),
(36, 107, 146, 0, 2, 0, 0, 1, 39, 4, 1, 1, 0, 0, 1, 1, 0, 0, 0),
(37, 107, 147, 0, 2, 0, 1, 1, 18, 9, 2, 1, 0, 1, 0, 0, 0, 0, 0),
(38, 107, 148, 0, 1, 0, 2, 0, 33, 7, 1, 2, 0, 1, 2, 1, 0, 1, 0),
(39, 107, 149, 0, 0, 1, 0, 1, 34, 4, 0, 0, 0, 0, 0, 2, 1, 0, 0),
(40, 107, 150, 0, 1, 2, 2, 2, 43, 1, 1, 0, 0, 0, 0, 2, 1, 0, 0),
(41, 107, 151, 0, 0, 2, 3, 2, 42, 5, 1, 2, 0, 0, 1, 0, 0, 0, 0),
(42, 107, 152, 0, 1, 1, 0, 2, 43, 7, 1, 2, 0, 1, 1, 1, 1, 0, 0),
(43, 107, 153, 0, 0, 2, 3, 2, 44, 1, 1, 0, 0, 1, 0, 0, 0, 0, 0),
(44, 107, 154, 0, 0, 0, 0, 2, 25, 3, 0, 2, 0, 0, 0, 0, 0, 0, 0),
(45, 108, 45, 0, 0, 0, 0, 2, 22, 10, 2, 2, 0, 0, 1, 0, 1, 1, 0),
(46, 108, 46, 0, 2, 0, 2, 1, 16, 6, 0, 0, 0, 1, 0, 1, 1, 0, 0),
(47, 108, 47, 0, 2, 1, 2, 0, 24, 10, 2, 1, 0, 0, 0, 2, 1, 0, 0),
(48, 108, 48, 0, 1, 1, 1, 0, 34, 9, 1, 1, 0, 1, 0, 1, 0, 0, 0),
(49, 108, 49, 1, 3, 0, 3, 1, 35, 6, 2, 2, 0, 1, 1, 2, 1, 0, 0),
(50, 108, 50, 0, 2, 1, 0, 1, 21, 8, 0, 1, 0, 0, 0, 0, 1, 0, 0),
(51, 108, 51, 0, 1, 2, 1, 2, 34, 1, 1, 2, 0, 0, 0, 2, 1, 0, 0),
(52, 108, 52, 0, 1, 0, 3, 1, 42, 5, 1, 0, 0, 1, 1, 1, 0, 1, 0),
(53, 108, 53, 0, 0, 2, 3, 1, 23, 8, 0, 2, 0, 1, 1, 0, 1, 0, 0),
(54, 108, 54, 0, 0, 1, 0, 0, 20, 6, 0, 0, 0, 1, 2, 2, 0, 0, 0),
(55, 108, 55, 0, 1, 0, 2, 1, 30, 7, 2, 1, 0, 1, 2, 2, 0, 0, 0),
(56, 108, 67, 0, 0, 0, 1, 2, 26, 4, 1, 0, 0, 0, 0, 1, 0, 0, 0),
(57, 108, 68, 0, 1, 0, 2, 2, 43, 10, 0, 1, 0, 1, 0, 2, 1, 0, 0),
(58, 108, 69, 0, 1, 1, 0, 1, 23, 9, 1, 1, 0, 1, 2, 0, 0, 0, 0),
(59, 108, 70, 0, 2, 2, 3, 0, 44, 5, 0, 2, 0, 1, 1, 1, 0, 0, 0),
(60, 108, 71, 1, 2, 2, 2, 0, 31, 7, 2, 1, 0, 0, 2, 0, 1, 0, 0),
(61, 108, 72, 0, 0, 2, 1, 1, 21, 7, 2, 1, 0, 1, 1, 1, 1, 1, 0),
(62, 108, 73, 0, 0, 0, 1, 1, 31, 1, 1, 0, 0, 0, 0, 1, 1, 0, 0),
(63, 108, 74, 1, 1, 2, 1, 2, 34, 1, 0, 2, 0, 0, 2, 0, 1, 0, 0),
(64, 108, 75, 0, 2, 0, 3, 2, 41, 9, 1, 1, 0, 0, 1, 0, 0, 0, 0),
(65, 108, 76, 0, 2, 1, 3, 0, 29, 8, 0, 0, 0, 1, 1, 2, 0, 0, 0),
(66, 108, 77, 0, 1, 0, 3, 1, 33, 4, 0, 0, 0, 1, 2, 2, 0, 1, 0),
(67, 109, 111, 0, 0, 0, 3, 2, 21, 3, 1, 0, 0, 1, 2, 0, 1, 0, 0),
(68, 109, 112, 0, 0, 1, 1, 2, 28, 1, 0, 0, 0, 0, 2, 2, 1, 0, 0),
(69, 109, 113, 0, 2, 2, 3, 0, 44, 4, 2, 2, 0, 1, 0, 2, 0, 0, 0),
(70, 109, 114, 0, 0, 2, 1, 1, 35, 4, 2, 0, 0, 1, 0, 1, 0, 0, 0),
(71, 109, 115, 0, 2, 2, 0, 0, 22, 2, 2, 1, 0, 0, 0, 2, 0, 0, 0),
(72, 109, 116, 0, 0, 2, 3, 2, 21, 10, 0, 0, 0, 1, 0, 0, 0, 0, 0),
(73, 109, 117, 0, 1, 1, 2, 2, 20, 7, 2, 1, 0, 1, 1, 2, 0, 0, 0),
(74, 109, 118, 0, 1, 1, 1, 1, 41, 4, 0, 1, 0, 0, 1, 0, 1, 0, 0),
(75, 109, 119, 0, 2, 0, 2, 0, 24, 10, 1, 1, 0, 0, 2, 1, 1, 0, 0),
(76, 109, 120, 0, 0, 1, 1, 1, 30, 2, 2, 2, 0, 0, 2, 1, 1, 1, 0),
(77, 109, 121, 0, 2, 1, 0, 2, 27, 4, 1, 1, 0, 0, 0, 2, 1, 0, 0),
(78, 109, 133, 0, 0, 0, 1, 2, 34, 6, 2, 2, 0, 1, 1, 0, 0, 0, 0),
(79, 109, 134, 0, 1, 1, 0, 0, 15, 4, 2, 0, 0, 1, 1, 2, 0, 0, 0),
(80, 109, 135, 0, 1, 2, 1, 2, 23, 3, 2, 1, 0, 1, 0, 1, 1, 0, 0),
(81, 109, 136, 0, 0, 1, 3, 1, 38, 7, 2, 1, 0, 1, 1, 2, 0, 0, 0),
(82, 109, 137, 0, 1, 1, 3, 1, 19, 10, 0, 2, 0, 0, 2, 1, 1, 0, 0),
(83, 109, 138, 0, 0, 2, 3, 1, 27, 1, 0, 1, 0, 0, 2, 1, 1, 0, 0),
(84, 109, 139, 0, 0, 1, 1, 0, 44, 9, 0, 0, 0, 0, 1, 2, 0, 0, 0),
(85, 109, 140, 0, 1, 1, 3, 2, 33, 1, 1, 0, 0, 0, 1, 1, 1, 0, 0),
(86, 109, 141, 0, 1, 0, 3, 2, 25, 5, 0, 1, 0, 1, 2, 1, 1, 0, 0),
(87, 109, 142, 0, 1, 0, 0, 2, 21, 7, 1, 1, 0, 1, 2, 1, 1, 1, 0),
(88, 109, 143, 0, 1, 1, 3, 2, 26, 1, 0, 2, 0, 1, 0, 2, 0, 0, 0),
(89, 110, 56, 0, 0, 0, 3, 1, 30, 4, 2, 2, 0, 1, 0, 0, 0, 0, 0),
(90, 110, 57, 0, 1, 1, 0, 1, 42, 4, 2, 1, 0, 0, 2, 0, 1, 0, 0),
(91, 110, 58, 0, 0, 1, 0, 2, 25, 9, 1, 0, 0, 1, 1, 2, 0, 0, 0),
(92, 110, 59, 1, 3, 0, 0, 0, 18, 4, 1, 2, 0, 1, 2, 0, 0, 0, 0),
(93, 110, 60, 0, 2, 0, 2, 0, 25, 10, 2, 0, 0, 1, 2, 0, 0, 0, 0),
(94, 110, 61, 1, 3, 2, 3, 0, 16, 3, 0, 1, 0, 1, 0, 2, 0, 0, 0),
(95, 110, 62, 0, 1, 2, 1, 0, 40, 5, 2, 0, 0, 0, 2, 0, 0, 1, 0),
(96, 110, 63, 0, 3, 0, 1, 0, 35, 5, 0, 2, 0, 0, 0, 2, 0, 0, 0),
(97, 110, 64, 0, 0, 2, 1, 1, 32, 1, 1, 0, 0, 0, 1, 1, 0, 0, 0),
(98, 110, 65, 1, 2, 0, 2, 2, 42, 2, 0, 1, 0, 1, 2, 2, 1, 1, 0),
(99, 110, 66, 0, 2, 2, 1, 2, 15, 7, 1, 0, 0, 1, 0, 1, 0, 0, 0),
(100, 110, 100, 0, 0, 0, 0, 2, 33, 3, 1, 2, 0, 0, 1, 2, 1, 0, 0),
(101, 110, 101, 0, 2, 1, 1, 2, 26, 7, 0, 1, 0, 0, 0, 1, 1, 0, 0),
(102, 110, 102, 0, 2, 0, 0, 1, 27, 4, 1, 2, 0, 1, 2, 1, 0, 0, 0),
(103, 110, 103, 0, 1, 1, 1, 2, 34, 5, 0, 0, 0, 0, 1, 0, 0, 0, 0),
(104, 110, 104, 0, 2, 2, 0, 0, 41, 5, 2, 0, 0, 0, 0, 2, 1, 1, 0),
(105, 110, 105, 0, 2, 2, 0, 2, 21, 10, 0, 0, 0, 0, 1, 0, 1, 0, 0),
(106, 110, 106, 0, 2, 2, 1, 2, 44, 1, 0, 0, 0, 0, 0, 0, 0, 0, 0),
(107, 110, 107, 0, 0, 0, 3, 2, 41, 2, 2, 1, 0, 1, 0, 0, 0, 0, 0),
(108, 110, 108, 1, 2, 1, 1, 0, 20, 2, 0, 2, 0, 1, 2, 2, 1, 0, 0),
(109, 110, 109, 0, 0, 0, 3, 0, 29, 6, 0, 1, 0, 1, 2, 2, 0, 0, 0),
(110, 110, 110, 0, 1, 0, 3, 1, 29, 1, 0, 2, 0, 1, 1, 1, 0, 0, 0),
(128, 111, 78, 0, 0, 0, 3, 2, 41, 6, 0, 1, 0, 1, 2, 1, 1, 0, 0),
(129, 111, 79, 0, 1, 3, 3, 1, 16, 7, 0, 0, 0, 0, 2, 2, 0, 0, 0),
(130, 111, 80, 0, 0, 3, 0, 1, 30, 5, 2, 1, 0, 0, 0, 0, 1, 1, 0),
(131, 111, 81, 0, 2, 2, 3, 0, 21, 5, 2, 0, 0, 1, 0, 2, 1, 0, 0),
(132, 111, 82, 1, 1, 0, 3, 2, 29, 5, 1, 2, 0, 0, 2, 1, 1, 0, 0),
(133, 111, 83, 0, 2, 3, 1, 0, 38, 6, 1, 1, 0, 1, 2, 0, 0, 0, 0),
(134, 111, 84, 0, 1, 1, 2, 0, 15, 5, 0, 0, 0, 0, 1, 0, 1, 0, 0),
(135, 111, 85, 1, 3, 1, 0, 1, 23, 4, 2, 0, 0, 1, 0, 1, 0, 0, 0),
(136, 111, 86, 0, 0, 1, 1, 2, 17, 9, 2, 1, 0, 1, 2, 0, 0, 1, 0),
(137, 111, 87, 0, 1, 2, 2, 2, 21, 8, 1, 1, 0, 1, 1, 0, 1, 0, 0),
(138, 111, 88, 1, 1, 2, 1, 1, 24, 3, 0, 0, 0, 1, 0, 1, 1, 0, 0),
(139, 111, 122, 0, 0, 0, 3, 2, 36, 9, 0, 1, 0, 0, 0, 1, 1, 0, 0),
(140, 111, 123, 0, 1, 3, 0, 2, 15, 5, 1, 1, 0, 1, 0, 0, 1, 0, 0),
(141, 111, 124, 0, 0, 2, 0, 0, 29, 5, 2, 1, 0, 1, 2, 2, 0, 0, 0),
(142, 111, 125, 0, 1, 1, 0, 0, 44, 8, 2, 1, 0, 0, 1, 2, 0, 0, 0),
(143, 111, 126, 0, 2, 3, 0, 1, 28, 7, 2, 2, 0, 1, 1, 2, 1, 1, 0),
(144, 111, 127, 0, 1, 2, 3, 0, 19, 9, 2, 2, 0, 1, 0, 2, 0, 0, 0),
(145, 111, 128, 0, 2, 0, 2, 2, 39, 2, 0, 2, 0, 0, 0, 0, 1, 0, 0),
(146, 111, 129, 0, 1, 3, 3, 0, 30, 7, 2, 1, 0, 0, 0, 2, 0, 0, 0),
(147, 111, 130, 0, 0, 0, 2, 1, 19, 1, 2, 0, 0, 1, 1, 2, 1, 0, 0),
(148, 111, 131, 0, 0, 1, 2, 0, 34, 1, 1, 2, 0, 0, 1, 1, 0, 0, 0),
(149, 111, 132, 0, 2, 0, 2, 0, 43, 9, 0, 0, 0, 0, 2, 0, 1, 0, 0),
(150, 112, 45, 0, 0, 0, 2, 1, 23, 2, 0, 1, 0, 0, 1, 0, 0, 0, 0),
(151, 112, 46, 1, 3, 2, 0, 2, 44, 2, 1, 2, 0, 0, 2, 1, 1, 0, 0),
(152, 112, 47, 0, 1, 0, 2, 1, 30, 10, 0, 1, 0, 0, 2, 2, 1, 0, 0),
(153, 112, 48, 0, 1, 2, 2, 1, 16, 8, 1, 2, 0, 0, 1, 0, 0, 0, 0),
(154, 112, 49, 0, 0, 1, 0, 2, 39, 2, 1, 1, 0, 0, 2, 1, 1, 0, 0),
(155, 112, 50, 0, 1, 1, 2, 1, 42, 1, 1, 2, 0, 0, 1, 1, 1, 0, 0),
(156, 112, 51, 0, 2, 3, 0, 1, 17, 8, 1, 2, 0, 1, 0, 1, 0, 1, 0),
(157, 112, 52, 1, 3, 3, 0, 0, 17, 8, 1, 1, 0, 0, 1, 2, 0, 1, 0),
(158, 112, 53, 0, 0, 0, 1, 2, 21, 2, 2, 2, 0, 0, 0, 1, 0, 1, 0),
(159, 112, 54, 0, 2, 3, 2, 1, 31, 2, 0, 0, 0, 0, 0, 1, 1, 0, 0),
(160, 112, 55, 0, 2, 1, 1, 0, 16, 10, 1, 0, 0, 1, 0, 2, 0, 0, 0),
(161, 112, 89, 0, 0, 0, 0, 2, 30, 3, 2, 0, 0, 0, 2, 1, 0, 1, 0),
(162, 112, 90, 0, 0, 2, 0, 2, 18, 7, 1, 1, 0, 0, 1, 2, 1, 0, 0),
(163, 112, 91, 0, 2, 0, 1, 2, 27, 6, 1, 0, 0, 1, 1, 2, 1, 0, 0),
(164, 112, 92, 0, 2, 1, 1, 1, 28, 4, 0, 0, 0, 0, 0, 0, 1, 0, 0),
(165, 112, 93, 0, 1, 0, 2, 2, 30, 8, 0, 2, 0, 1, 1, 0, 1, 0, 0),
(166, 112, 94, 0, 2, 3, 3, 2, 18, 7, 2, 2, 0, 0, 2, 0, 1, 0, 0),
(167, 112, 95, 0, 2, 2, 3, 2, 22, 8, 0, 1, 0, 1, 1, 0, 0, 0, 0),
(168, 112, 96, 1, 2, 2, 1, 0, 32, 1, 1, 2, 0, 0, 1, 1, 0, 0, 0),
(169, 112, 97, 0, 1, 2, 2, 1, 32, 10, 2, 2, 0, 1, 1, 0, 1, 0, 0),
(170, 112, 98, 0, 1, 1, 3, 1, 16, 3, 0, 2, 0, 1, 1, 2, 0, 0, 0),
(171, 112, 99, 0, 1, 3, 2, 0, 22, 4, 0, 0, 0, 0, 2, 2, 0, 0, 0),
(172, 113, 111, 0, 0, 0, 1, 0, 20, 2, 0, 0, 0, 0, 0, 2, 0, 0, 0),
(173, 113, 112, 0, 2, 0, 0, 0, 28, 3, 2, 1, 0, 0, 2, 1, 1, 0, 0),
(174, 113, 113, 0, 2, 1, 3, 2, 31, 7, 1, 0, 0, 0, 2, 2, 1, 0, 0),
(175, 113, 114, 0, 2, 2, 0, 2, 24, 8, 2, 1, 0, 1, 2, 2, 0, 0, 0),
(176, 113, 115, 0, 1, 3, 0, 1, 25, 10, 1, 0, 0, 1, 2, 1, 0, 0, 0),
(177, 113, 116, 0, 1, 3, 0, 1, 27, 4, 1, 0, 0, 0, 2, 0, 1, 0, 0),
(178, 113, 117, 1, 1, 0, 2, 1, 24, 7, 1, 0, 0, 1, 2, 2, 0, 0, 0),
(179, 113, 118, 0, 2, 1, 2, 2, 25, 4, 2, 1, 0, 0, 1, 2, 0, 0, 0),
(180, 113, 119, 0, 1, 2, 1, 1, 31, 3, 1, 0, 0, 0, 2, 2, 0, 0, 0),
(181, 113, 120, 0, 0, 1, 1, 2, 24, 10, 1, 0, 0, 1, 1, 1, 0, 0, 0),
(182, 113, 121, 0, 2, 1, 2, 2, 16, 9, 0, 2, 0, 1, 2, 1, 0, 0, 0),
(183, 113, 144, 0, 0, 0, 1, 2, 16, 3, 1, 2, 0, 0, 1, 1, 1, 0, 0),
(184, 113, 145, 0, 0, 3, 1, 0, 18, 9, 2, 0, 0, 0, 0, 0, 0, 0, 0),
(185, 113, 146, 0, 2, 2, 1, 2, 30, 10, 0, 1, 0, 1, 1, 2, 1, 0, 0),
(186, 113, 147, 0, 1, 3, 1, 0, 19, 7, 2, 2, 0, 0, 2, 2, 0, 0, 0),
(187, 113, 148, 0, 2, 2, 2, 1, 34, 3, 1, 2, 0, 1, 0, 2, 1, 0, 0),
(188, 113, 149, 0, 0, 3, 2, 2, 26, 6, 1, 0, 0, 1, 0, 2, 1, 0, 0),
(189, 113, 150, 0, 2, 2, 0, 0, 38, 8, 1, 2, 0, 1, 1, 2, 1, 0, 0),
(190, 113, 151, 1, 2, 1, 1, 0, 24, 7, 0, 1, 0, 1, 0, 0, 0, 0, 0),
(191, 113, 152, 0, 0, 2, 1, 0, 24, 9, 0, 0, 0, 0, 2, 2, 1, 1, 0),
(192, 113, 153, 0, 0, 3, 2, 0, 41, 9, 1, 0, 0, 0, 0, 0, 0, 0, 0),
(193, 113, 154, 0, 0, 1, 1, 2, 34, 6, 2, 2, 0, 1, 0, 1, 1, 0, 0),
(194, 114, 56, 0, 0, 0, 1, 0, 36, 9, 0, 2, 0, 1, 0, 1, 0, 0, 0),
(195, 114, 57, 0, 1, 1, 2, 1, 31, 5, 1, 2, 0, 0, 1, 1, 0, 0, 0),
(196, 114, 58, 0, 1, 2, 1, 2, 41, 10, 0, 1, 0, 1, 0, 0, 1, 0, 0),
(197, 114, 59, 0, 1, 0, 0, 1, 17, 5, 2, 2, 0, 0, 2, 1, 0, 0, 0),
(198, 114, 60, 0, 2, 3, 3, 0, 42, 2, 0, 2, 0, 0, 0, 1, 0, 0, 0),
(199, 114, 61, 0, 1, 0, 3, 2, 18, 9, 2, 0, 0, 1, 2, 0, 0, 0, 0),
(200, 114, 62, 0, 0, 3, 2, 1, 16, 2, 1, 1, 0, 1, 2, 0, 0, 0, 0),
(201, 114, 63, 0, 2, 0, 2, 2, 42, 6, 0, 0, 0, 1, 2, 1, 0, 0, 0),
(202, 114, 64, 0, 0, 1, 3, 1, 39, 8, 1, 1, 0, 0, 1, 2, 1, 0, 0),
(203, 114, 65, 0, 1, 3, 0, 0, 25, 2, 2, 2, 0, 1, 0, 2, 1, 0, 0),
(204, 114, 66, 0, 1, 0, 1, 1, 41, 5, 1, 0, 0, 0, 0, 0, 1, 0, 0),
(205, 114, 67, 0, 0, 0, 0, 1, 23, 7, 1, 2, 0, 1, 0, 1, 0, 0, 0),
(206, 114, 68, 0, 1, 1, 0, 1, 20, 1, 1, 2, 0, 1, 0, 1, 1, 1, 0),
(207, 114, 69, 0, 0, 3, 2, 0, 16, 2, 1, 1, 0, 0, 1, 1, 0, 1, 0),
(208, 114, 70, 0, 2, 1, 3, 2, 44, 7, 0, 0, 0, 1, 2, 1, 1, 0, 0),
(209, 114, 71, 0, 0, 1, 1, 2, 31, 2, 0, 1, 0, 0, 0, 1, 1, 1, 0),
(210, 114, 72, 0, 1, 1, 3, 0, 39, 10, 1, 2, 0, 1, 1, 1, 0, 0, 0),
(211, 114, 73, 0, 2, 0, 3, 0, 44, 2, 1, 2, 0, 0, 2, 2, 1, 0, 0),
(212, 114, 74, 0, 2, 2, 0, 2, 21, 1, 1, 2, 0, 1, 2, 0, 0, 0, 0),
(213, 114, 75, 0, 2, 0, 2, 1, 37, 10, 0, 2, 0, 1, 0, 2, 0, 0, 0),
(214, 114, 76, 0, 1, 2, 3, 2, 20, 9, 2, 0, 0, 0, 0, 1, 0, 0, 0),
(215, 114, 77, 0, 0, 1, 0, 0, 42, 6, 2, 0, 0, 0, 2, 2, 1, 0, 0),
(216, 115, 100, 0, 0, 0, 0, 2, 42, 6, 0, 2, 0, 0, 1, 2, 1, 0, 0),
(217, 115, 101, 0, 1, 3, 1, 2, 24, 10, 2, 2, 0, 1, 1, 2, 1, 0, 0),
(218, 115, 102, 0, 2, 2, 1, 2, 25, 7, 0, 0, 0, 1, 1, 1, 0, 0, 0),
(219, 115, 103, 0, 2, 0, 1, 0, 28, 2, 0, 2, 0, 1, 1, 0, 0, 0, 0),
(220, 115, 104, 0, 2, 1, 1, 0, 35, 9, 0, 2, 0, 1, 1, 0, 0, 0, 0),
(221, 115, 105, 0, 0, 1, 3, 1, 36, 1, 0, 0, 0, 1, 2, 1, 1, 0, 0),
(222, 115, 106, 0, 2, 1, 1, 2, 16, 6, 2, 2, 0, 0, 0, 0, 0, 0, 0),
(223, 115, 107, 0, 0, 1, 0, 0, 23, 6, 0, 1, 0, 1, 1, 2, 0, 0, 0),
(224, 115, 108, 0, 0, 3, 1, 0, 34, 3, 0, 0, 0, 1, 1, 2, 1, 1, 0),
(225, 115, 109, 0, 0, 0, 1, 0, 36, 3, 2, 0, 0, 1, 0, 0, 0, 1, 0),
(226, 115, 110, 0, 1, 0, 3, 1, 17, 10, 0, 2, 0, 1, 1, 0, 0, 0, 0),
(227, 115, 133, 0, 0, 0, 1, 1, 23, 6, 2, 1, 0, 0, 1, 1, 1, 0, 0),
(228, 115, 134, 0, 0, 2, 1, 0, 28, 2, 0, 1, 0, 0, 2, 0, 1, 0, 0),
(229, 115, 135, 0, 0, 0, 2, 0, 36, 4, 2, 2, 0, 1, 1, 0, 0, 0, 0),
(230, 115, 136, 0, 1, 3, 1, 2, 20, 5, 1, 2, 0, 1, 2, 1, 0, 0, 0),
(231, 115, 137, 0, 2, 0, 0, 0, 17, 6, 2, 2, 0, 1, 2, 1, 0, 0, 0),
(232, 115, 138, 0, 2, 2, 3, 2, 34, 6, 1, 2, 0, 1, 2, 1, 0, 0, 0),
(233, 115, 139, 1, 1, 0, 2, 0, 21, 1, 1, 0, 0, 0, 1, 1, 1, 0, 0),
(234, 115, 140, 1, 3, 3, 3, 0, 22, 4, 2, 2, 0, 0, 1, 2, 1, 0, 0),
(235, 115, 141, 0, 2, 3, 0, 1, 32, 10, 0, 2, 0, 0, 0, 1, 1, 0, 0),
(236, 115, 142, 0, 0, 1, 3, 1, 28, 7, 2, 2, 0, 0, 0, 1, 0, 0, 0),
(237, 115, 143, 0, 2, 0, 2, 1, 18, 5, 0, 1, 0, 0, 0, 1, 0, 0, 0),
(255, 116, 45, 0, 0, 0, 2, 1, 15, 4, 2, 2, 0, 1, 2, 1, 0, 0, 0),
(256, 116, 46, 0, 2, 2, 2, 1, 37, 10, 1, 1, 0, 0, 2, 1, 1, 0, 0),
(257, 116, 47, 0, 0, 1, 1, 1, 41, 4, 0, 2, 0, 1, 2, 2, 0, 0, 0),
(258, 116, 48, 1, 3, 0, 1, 2, 35, 9, 0, 2, 0, 0, 0, 2, 1, 0, 0),
(259, 116, 49, 0, 2, 2, 0, 1, 18, 1, 2, 2, 0, 0, 0, 0, 0, 0, 0),
(260, 116, 50, 0, 0, 2, 1, 1, 18, 4, 1, 2, 0, 0, 2, 2, 1, 1, 0),
(261, 116, 51, 0, 0, 2, 3, 0, 40, 9, 2, 1, 0, 0, 2, 1, 0, 0, 0),
(262, 116, 52, 0, 2, 1, 2, 1, 33, 7, 0, 1, 0, 0, 2, 0, 0, 0, 0),
(263, 116, 53, 0, 0, 0, 2, 0, 25, 9, 2, 1, 0, 1, 1, 2, 1, 0, 0),
(264, 116, 54, 0, 1, 1, 0, 0, 27, 6, 1, 1, 0, 1, 0, 2, 0, 0, 0),
(265, 116, 55, 0, 1, 0, 3, 2, 32, 6, 2, 2, 0, 1, 1, 0, 0, 0, 0),
(266, 116, 122, 0, 0, 0, 1, 1, 42, 4, 0, 0, 0, 0, 2, 0, 1, 0, 0),
(267, 116, 123, 0, 1, 0, 2, 0, 43, 8, 2, 0, 0, 0, 2, 1, 0, 1, 0),
(268, 116, 124, 0, 0, 2, 0, 0, 19, 3, 2, 1, 0, 1, 0, 1, 1, 0, 0),
(269, 116, 125, 0, 0, 2, 1, 2, 30, 9, 2, 2, 0, 1, 1, 0, 1, 0, 0),
(270, 116, 126, 0, 2, 2, 2, 0, 25, 6, 1, 2, 0, 0, 2, 2, 0, 1, 0),
(271, 116, 127, 0, 0, 1, 1, 1, 22, 4, 0, 0, 0, 1, 1, 1, 1, 0, 0),
(272, 116, 128, 0, 2, 2, 3, 2, 20, 2, 1, 1, 0, 1, 2, 1, 1, 0, 0),
(273, 116, 129, 0, 0, 1, 1, 1, 44, 2, 2, 0, 0, 0, 2, 1, 1, 1, 0),
(274, 116, 130, 0, 0, 2, 0, 0, 25, 8, 2, 0, 0, 1, 1, 0, 1, 0, 0),
(275, 116, 131, 0, 2, 0, 1, 2, 19, 6, 0, 0, 0, 1, 0, 0, 1, 1, 0),
(276, 116, 132, 0, 0, 0, 1, 0, 31, 9, 1, 0, 0, 1, 2, 0, 1, 0, 0),
(277, 117, 78, 0, 0, 0, 0, 0, 18, 3, 2, 0, 0, 0, 2, 2, 0, 1, 0),
(278, 117, 79, 0, 1, 2, 0, 2, 34, 10, 2, 0, 0, 1, 0, 2, 1, 0, 0),
(279, 117, 80, 0, 2, 0, 1, 2, 28, 7, 2, 0, 0, 1, 0, 2, 1, 0, 0),
(280, 117, 81, 0, 0, 2, 3, 1, 31, 6, 0, 0, 0, 0, 2, 2, 0, 0, 0),
(281, 117, 82, 0, 2, 1, 2, 1, 22, 10, 0, 1, 0, 1, 0, 2, 1, 0, 0),
(282, 117, 83, 0, 1, 1, 1, 0, 40, 3, 2, 2, 0, 1, 2, 1, 1, 1, 0),
(283, 117, 84, 1, 3, 1, 1, 1, 38, 3, 2, 2, 0, 1, 2, 0, 0, 0, 0),
(284, 117, 85, 1, 3, 2, 3, 0, 33, 9, 0, 0, 0, 0, 1, 2, 1, 0, 0),
(285, 117, 86, 0, 0, 2, 0, 1, 25, 4, 2, 1, 0, 1, 0, 1, 0, 0, 0),
(286, 117, 87, 0, 1, 1, 0, 2, 17, 8, 0, 1, 0, 1, 1, 2, 1, 0, 0),
(287, 117, 88, 0, 2, 0, 2, 0, 15, 7, 0, 0, 0, 1, 0, 1, 1, 0, 0),
(288, 117, 111, 0, 0, 0, 0, 1, 16, 10, 1, 2, 0, 1, 2, 1, 0, 0, 0),
(289, 117, 112, 0, 1, 1, 0, 2, 28, 5, 0, 2, 0, 0, 1, 1, 1, 0, 0),
(290, 117, 113, 0, 0, 0, 3, 1, 35, 5, 1, 2, 0, 0, 2, 2, 1, 0, 0),
(291, 117, 114, 0, 0, 2, 2, 0, 32, 10, 0, 0, 0, 0, 1, 1, 1, 0, 0),
(292, 117, 115, 0, 0, 1, 2, 1, 22, 6, 2, 0, 0, 1, 2, 1, 0, 0, 0),
(293, 117, 116, 0, 0, 2, 2, 1, 16, 4, 2, 2, 0, 1, 1, 2, 1, 1, 0),
(294, 117, 117, 0, 1, 0, 3, 2, 31, 5, 2, 0, 0, 0, 2, 0, 1, 0, 0),
(295, 117, 118, 0, 1, 2, 3, 1, 27, 10, 1, 2, 0, 1, 1, 1, 0, 0, 0),
(296, 117, 119, 0, 0, 1, 3, 0, 40, 10, 0, 2, 0, 1, 0, 0, 0, 0, 0),
(297, 117, 120, 0, 2, 0, 1, 0, 16, 4, 2, 0, 0, 1, 2, 2, 1, 0, 0),
(298, 117, 121, 0, 2, 2, 1, 2, 15, 3, 0, 0, 0, 0, 1, 1, 0, 1, 0),
(299, 118, 56, 0, 0, 0, 2, 1, 42, 10, 2, 1, 0, 1, 2, 0, 0, 0, 0),
(300, 118, 57, 0, 2, 2, 0, 2, 38, 6, 0, 2, 0, 1, 2, 0, 1, 0, 0),
(301, 118, 58, 0, 2, 0, 2, 2, 43, 9, 0, 0, 0, 0, 0, 2, 0, 0, 0),
(302, 118, 59, 0, 0, 0, 2, 1, 31, 9, 1, 2, 0, 0, 2, 0, 1, 0, 0),
(303, 118, 60, 0, 0, 0, 0, 0, 33, 7, 1, 2, 0, 1, 0, 2, 0, 1, 0),
(304, 118, 61, 1, 1, 0, 2, 1, 23, 2, 0, 1, 0, 1, 0, 0, 0, 0, 0),
(305, 118, 62, 0, 1, 0, 0, 2, 40, 6, 0, 1, 0, 1, 2, 2, 0, 0, 0),
(306, 118, 63, 0, 1, 1, 2, 1, 42, 4, 0, 2, 0, 0, 0, 1, 0, 0, 0),
(307, 118, 64, 1, 3, 2, 0, 0, 16, 9, 0, 0, 0, 0, 0, 1, 1, 0, 0),
(308, 118, 65, 0, 2, 2, 3, 2, 21, 7, 2, 0, 0, 1, 2, 2, 1, 1, 0),
(309, 118, 66, 0, 2, 2, 0, 0, 43, 9, 1, 2, 0, 0, 2, 1, 1, 0, 0),
(310, 118, 89, 0, 0, 0, 2, 1, 42, 8, 0, 2, 0, 0, 2, 2, 0, 0, 0),
(311, 118, 90, 0, 2, 1, 3, 1, 23, 3, 1, 0, 0, 0, 2, 2, 0, 0, 0),
(312, 118, 91, 0, 0, 2, 2, 0, 19, 3, 2, 2, 0, 1, 2, 2, 0, 0, 0),
(313, 118, 92, 0, 2, 2, 2, 2, 16, 8, 2, 0, 0, 0, 0, 2, 1, 0, 0),
(314, 118, 93, 0, 1, 2, 1, 1, 36, 9, 0, 1, 0, 1, 1, 1, 1, 0, 0),
(315, 118, 94, 0, 2, 0, 2, 0, 27, 2, 1, 1, 0, 1, 0, 1, 1, 0, 0),
(316, 118, 95, 0, 2, 1, 2, 2, 18, 1, 0, 0, 0, 1, 1, 2, 1, 0, 0),
(317, 118, 96, 0, 2, 0, 2, 2, 37, 10, 1, 0, 0, 0, 0, 1, 0, 0, 0),
(318, 118, 97, 0, 1, 2, 0, 0, 21, 9, 2, 1, 0, 1, 1, 0, 0, 0, 0),
(319, 118, 98, 0, 2, 0, 3, 0, 29, 4, 0, 1, 0, 1, 2, 0, 1, 0, 0),
(320, 118, 99, 0, 2, 0, 1, 1, 35, 3, 0, 1, 0, 1, 1, 0, 0, 0, 0),
(321, 119, 100, 0, 0, 0, 1, 0, 22, 9, 1, 0, 0, 1, 2, 0, 0, 0, 0),
(322, 119, 101, 1, 2, 1, 3, 2, 28, 2, 1, 0, 0, 1, 0, 1, 0, 0, 0),
(323, 119, 102, 0, 2, 0, 3, 2, 21, 4, 0, 2, 0, 1, 2, 1, 0, 0, 0),
(324, 119, 103, 0, 1, 1, 2, 1, 18, 9, 0, 1, 0, 0, 1, 2, 1, 0, 0),
(325, 119, 104, 0, 2, 0, 0, 2, 27, 5, 2, 2, 0, 0, 0, 2, 1, 0, 0),
(326, 119, 105, 0, 1, 0, 0, 1, 30, 4, 1, 2, 0, 0, 0, 0, 0, 0, 0),
(327, 119, 106, 0, 2, 2, 3, 0, 44, 2, 2, 0, 0, 1, 1, 1, 1, 0, 0),
(328, 119, 107, 0, 0, 0, 0, 2, 44, 8, 2, 0, 0, 0, 2, 1, 1, 0, 0),
(329, 119, 108, 0, 0, 2, 2, 2, 38, 1, 0, 1, 0, 1, 1, 1, 1, 0, 0),
(330, 119, 109, 0, 2, 2, 0, 2, 37, 4, 0, 1, 0, 0, 2, 1, 1, 0, 0),
(331, 119, 110, 0, 0, 2, 2, 0, 22, 5, 0, 0, 0, 0, 0, 0, 1, 0, 0),
(332, 119, 144, 0, 0, 0, 3, 2, 30, 9, 2, 2, 0, 0, 1, 1, 0, 0, 0),
(333, 119, 145, 0, 2, 2, 3, 2, 15, 1, 0, 0, 0, 1, 1, 2, 1, 0, 0),
(334, 119, 146, 0, 0, 2, 2, 0, 18, 1, 2, 1, 0, 0, 2, 2, 1, 0, 0),
(335, 119, 147, 1, 1, 2, 2, 1, 28, 7, 2, 2, 0, 1, 0, 1, 0, 0, 0),
(336, 119, 148, 0, 2, 2, 3, 2, 33, 7, 1, 1, 0, 1, 2, 0, 0, 0, 0),
(337, 119, 149, 0, 1, 0, 3, 1, 35, 6, 1, 2, 0, 0, 2, 2, 1, 0, 0),
(338, 119, 150, 0, 2, 0, 1, 1, 26, 2, 2, 1, 0, 1, 2, 0, 1, 0, 0),
(339, 119, 151, 0, 1, 2, 2, 1, 38, 10, 1, 2, 0, 0, 0, 1, 0, 1, 0),
(340, 119, 152, 0, 2, 1, 1, 2, 25, 10, 2, 1, 0, 0, 0, 1, 1, 0, 0),
(341, 119, 153, 0, 2, 2, 0, 1, 36, 1, 0, 0, 0, 0, 1, 2, 1, 1, 0),
(342, 119, 154, 1, 2, 0, 1, 0, 35, 1, 1, 2, 0, 1, 2, 1, 1, 0, 0),
(343, 120, 67, 0, 0, 0, 0, 0, 22, 10, 0, 2, 0, 0, 1, 1, 0, 0, 0),
(344, 120, 68, 1, 2, 0, 1, 2, 19, 6, 1, 2, 0, 0, 2, 2, 0, 0, 0),
(345, 120, 69, 0, 0, 0, 0, 2, 22, 10, 0, 1, 0, 0, 2, 1, 0, 0, 0),
(346, 120, 70, 1, 3, 2, 0, 2, 27, 3, 2, 0, 0, 0, 1, 2, 1, 0, 0),
(347, 120, 71, 0, 1, 1, 1, 2, 35, 6, 2, 2, 0, 1, 2, 2, 0, 0, 0),
(348, 120, 72, 0, 2, 1, 3, 0, 27, 2, 0, 2, 0, 0, 0, 2, 0, 0, 0),
(349, 120, 73, 0, 0, 0, 3, 1, 19, 2, 0, 0, 0, 0, 0, 0, 1, 0, 0),
(350, 120, 74, 1, 1, 1, 0, 0, 40, 5, 1, 0, 0, 1, 2, 1, 1, 0, 0),
(351, 120, 75, 0, 1, 2, 3, 2, 36, 4, 1, 0, 0, 0, 0, 1, 0, 1, 0),
(352, 120, 76, 0, 2, 0, 0, 1, 17, 10, 0, 1, 0, 0, 0, 0, 1, 0, 0),
(353, 120, 77, 0, 1, 2, 3, 1, 32, 8, 0, 0, 0, 0, 1, 0, 0, 0, 0),
(354, 120, 133, 0, 0, 0, 3, 0, 29, 2, 1, 2, 0, 1, 1, 2, 0, 0, 0),
(355, 120, 134, 0, 1, 2, 0, 1, 22, 8, 0, 1, 0, 1, 0, 1, 0, 0, 0),
(356, 120, 135, 0, 1, 1, 0, 2, 41, 1, 1, 1, 0, 0, 2, 1, 1, 1, 0),
(357, 120, 136, 0, 2, 1, 0, 2, 30, 2, 0, 2, 0, 0, 0, 1, 1, 0, 0),
(358, 120, 137, 0, 2, 2, 0, 2, 28, 8, 1, 0, 0, 0, 0, 2, 1, 0, 0),
(359, 120, 138, 1, 1, 0, 2, 2, 34, 4, 1, 0, 0, 0, 2, 1, 1, 0, 0),
(360, 120, 139, 0, 2, 0, 0, 0, 35, 10, 2, 2, 0, 0, 1, 1, 0, 0, 0),
(361, 120, 140, 0, 0, 2, 0, 2, 31, 7, 1, 2, 0, 1, 2, 0, 1, 0, 0),
(362, 120, 141, 0, 0, 0, 3, 0, 40, 10, 0, 1, 0, 0, 2, 2, 1, 0, 0),
(363, 120, 142, 0, 0, 0, 1, 1, 36, 10, 2, 1, 0, 0, 1, 0, 0, 0, 0),
(364, 120, 143, 0, 0, 0, 0, 1, 27, 3, 2, 0, 0, 0, 2, 0, 0, 0, 0);

-- --------------------------------------------------------

--
-- Δομή πίνακα για τον πίνακα `match_lineups`
--

CREATE TABLE `match_lineups` (
  `id` int(11) NOT NULL,
  `match_id` int(11) DEFAULT NULL,
  `player_id` int(11) DEFAULT NULL,
  `is_starting` tinyint(1) DEFAULT 0
) ENGINE=InnoDB DEFAULT CHARSET=utf8mb4 COLLATE=utf8mb4_general_ci;

--
-- Άδειασμα δεδομένων του πίνακα `match_lineups`
--

INSERT INTO `match_lineups` (`id`, `match_id`, `player_id`, `is_starting`) VALUES
(1, 106, 89, 1),
(2, 106, 90, 1),
(3, 106, 91, 1),
(4, 106, 92, 1),
(5, 106, 93, 1),
(6, 106, 94, 1),
(7, 106, 95, 1),
(8, 106, 96, 1),
(9, 106, 97, 1),
(10, 106, 98, 1),
(11, 106, 99, 1),
(12, 106, 186, 0),
(13, 106, 187, 0),
(14, 106, 188, 0),
(15, 106, 189, 0),
(16, 106, 190, 0),
(17, 106, 122, 1),
(18, 106, 123, 1),
(19, 106, 124, 1),
(20, 106, 125, 1),
(21, 106, 126, 1),
(22, 106, 127, 1),
(23, 106, 128, 1),
(24, 106, 129, 1),
(25, 106, 130, 1),
(26, 106, 131, 1),
(27, 106, 132, 1),
(28, 106, 201, 0),
(29, 106, 202, 0),
(30, 106, 203, 0),
(31, 106, 204, 0),
(32, 106, 205, 0),
(33, 107, 78, 1),
(34, 107, 79, 1),
(35, 107, 80, 1),
(36, 107, 81, 1),
(37, 107, 82, 1),
(38, 107, 83, 1),
(39, 107, 84, 1),
(40, 107, 85, 1),
(41, 107, 86, 1),
(42, 107, 87, 1),
(43, 107, 88, 1),
(44, 107, 181, 0),
(45, 107, 182, 0),
(46, 107, 183, 0),
(47, 107, 184, 0),
(48, 107, 185, 0),
(49, 107, 144, 1),
(50, 107, 145, 1),
(51, 107, 146, 1),
(52, 107, 147, 1),
(53, 107, 148, 1),
(54, 107, 149, 1),
(55, 107, 150, 1),
(56, 107, 151, 1),
(57, 107, 152, 1),
(58, 107, 153, 1),
(59, 107, 154, 1),
(60, 107, 211, 0),
(61, 107, 212, 0),
(62, 107, 213, 0),
(63, 107, 214, 0),
(64, 107, 215, 0),
(65, 108, 45, 1),
(66, 108, 46, 1),
(67, 108, 47, 1),
(68, 108, 48, 1),
(69, 108, 49, 1),
(70, 108, 50, 1),
(71, 108, 51, 1),
(72, 108, 52, 1),
(73, 108, 53, 1),
(74, 108, 54, 1),
(75, 108, 55, 1),
(76, 108, 166, 0),
(77, 108, 167, 0),
(78, 108, 168, 0),
(79, 108, 169, 0),
(80, 108, 170, 0),
(81, 108, 67, 1),
(82, 108, 68, 1),
(83, 108, 69, 1),
(84, 108, 70, 1),
(85, 108, 71, 1),
(86, 108, 72, 1),
(87, 108, 73, 1),
(88, 108, 74, 1),
(89, 108, 75, 1),
(90, 108, 76, 1),
(91, 108, 77, 1),
(92, 108, 176, 0),
(93, 108, 177, 0),
(94, 108, 178, 0),
(95, 108, 179, 0),
(96, 108, 180, 0),
(97, 109, 111, 1),
(98, 109, 112, 1),
(99, 109, 113, 1),
(100, 109, 114, 1),
(101, 109, 115, 1),
(102, 109, 116, 1),
(103, 109, 117, 1),
(104, 109, 118, 1),
(105, 109, 119, 1),
(106, 109, 120, 1),
(107, 109, 121, 1),
(108, 109, 196, 0),
(109, 109, 197, 0),
(110, 109, 198, 0),
(111, 109, 199, 0),
(112, 109, 200, 0),
(113, 109, 133, 1),
(114, 109, 134, 1),
(115, 109, 135, 1),
(116, 109, 136, 1),
(117, 109, 137, 1),
(118, 109, 138, 1),
(119, 109, 139, 1),
(120, 109, 140, 1),
(121, 109, 141, 1),
(122, 109, 142, 1),
(123, 109, 143, 1),
(124, 109, 206, 0),
(125, 109, 207, 0),
(126, 109, 208, 0),
(127, 109, 209, 0),
(128, 109, 210, 0),
(129, 110, 56, 1),
(130, 110, 57, 1),
(131, 110, 58, 1),
(132, 110, 59, 1),
(133, 110, 60, 1),
(134, 110, 61, 1),
(135, 110, 62, 1),
(136, 110, 63, 1),
(137, 110, 64, 1),
(138, 110, 65, 1),
(139, 110, 66, 1),
(140, 110, 171, 0),
(141, 110, 172, 0),
(142, 110, 173, 0),
(143, 110, 174, 0),
(144, 110, 175, 0),
(145, 110, 100, 1),
(146, 110, 101, 1),
(147, 110, 102, 1),
(148, 110, 103, 1),
(149, 110, 104, 1),
(150, 110, 105, 1),
(151, 110, 106, 1),
(152, 110, 107, 1),
(153, 110, 108, 1),
(154, 110, 109, 1),
(155, 110, 110, 1),
(156, 110, 191, 0),
(157, 110, 192, 0),
(158, 110, 193, 0),
(159, 110, 194, 0),
(160, 110, 195, 0),
(161, 111, 78, 1),
(162, 111, 79, 1),
(163, 111, 80, 1),
(164, 111, 81, 1),
(165, 111, 82, 1),
(166, 111, 83, 1),
(167, 111, 84, 1),
(168, 111, 85, 1),
(169, 111, 86, 1),
(170, 111, 87, 1),
(171, 111, 88, 1),
(172, 111, 181, 0),
(173, 111, 182, 0),
(174, 111, 183, 0),
(175, 111, 184, 0),
(176, 111, 185, 0),
(177, 111, 122, 1),
(178, 111, 123, 1),
(179, 111, 124, 1),
(180, 111, 125, 1),
(181, 111, 126, 1),
(182, 111, 127, 1),
(183, 111, 128, 1),
(184, 111, 129, 1),
(185, 111, 130, 1),
(186, 111, 131, 1),
(187, 111, 132, 1),
(188, 111, 201, 0),
(189, 111, 202, 0),
(190, 111, 203, 0),
(191, 111, 204, 0),
(192, 111, 205, 0),
(193, 112, 45, 1),
(194, 112, 46, 1),
(195, 112, 47, 1),
(196, 112, 48, 1),
(197, 112, 49, 1),
(198, 112, 50, 1),
(199, 112, 51, 1),
(200, 112, 52, 1),
(201, 112, 53, 1),
(202, 112, 54, 1),
(203, 112, 55, 1),
(204, 112, 166, 0),
(205, 112, 167, 0),
(206, 112, 168, 0),
(207, 112, 169, 0),
(208, 112, 170, 0),
(209, 112, 89, 1),
(210, 112, 90, 1),
(211, 112, 91, 1),
(212, 112, 92, 1),
(213, 112, 93, 1),
(214, 112, 94, 1),
(215, 112, 95, 1),
(216, 112, 96, 1),
(217, 112, 97, 1),
(218, 112, 98, 1),
(219, 112, 99, 1),
(220, 112, 186, 0),
(221, 112, 187, 0),
(222, 112, 188, 0),
(223, 112, 189, 0),
(224, 112, 190, 0),
(225, 113, 111, 1),
(226, 113, 112, 1),
(227, 113, 113, 1),
(228, 113, 114, 1),
(229, 113, 115, 1),
(230, 113, 116, 1),
(231, 113, 117, 1),
(232, 113, 118, 1),
(233, 113, 119, 1),
(234, 113, 120, 1),
(235, 113, 121, 1),
(236, 113, 196, 0),
(237, 113, 197, 0),
(238, 113, 198, 0),
(239, 113, 199, 0),
(240, 113, 200, 0),
(241, 113, 144, 1),
(242, 113, 145, 1),
(243, 113, 146, 1),
(244, 113, 147, 1),
(245, 113, 148, 1),
(246, 113, 149, 1),
(247, 113, 150, 1),
(248, 113, 151, 1),
(249, 113, 152, 1),
(250, 113, 153, 1),
(251, 113, 154, 1),
(252, 113, 211, 0),
(253, 113, 212, 0),
(254, 113, 213, 0),
(255, 113, 214, 0),
(256, 113, 215, 0),
(257, 114, 56, 1),
(258, 114, 57, 1),
(259, 114, 58, 1),
(260, 114, 59, 1),
(261, 114, 60, 1),
(262, 114, 61, 1),
(263, 114, 62, 1),
(264, 114, 63, 1),
(265, 114, 64, 1),
(266, 114, 65, 1),
(267, 114, 66, 1),
(268, 114, 171, 0),
(269, 114, 172, 0),
(270, 114, 173, 0),
(271, 114, 174, 0),
(272, 114, 175, 0),
(273, 114, 67, 1),
(274, 114, 68, 1),
(275, 114, 69, 1),
(276, 114, 70, 1),
(277, 114, 71, 1),
(278, 114, 72, 1),
(279, 114, 73, 1),
(280, 114, 74, 1),
(281, 114, 75, 1),
(282, 114, 76, 1),
(283, 114, 77, 1),
(284, 114, 176, 0),
(285, 114, 177, 0),
(286, 114, 178, 0),
(287, 114, 179, 0),
(288, 114, 180, 0),
(289, 115, 100, 1),
(290, 115, 101, 1),
(291, 115, 102, 1),
(292, 115, 103, 1),
(293, 115, 104, 1),
(294, 115, 105, 1),
(295, 115, 106, 1),
(296, 115, 107, 1),
(297, 115, 108, 1),
(298, 115, 109, 1),
(299, 115, 110, 1),
(300, 115, 191, 0),
(301, 115, 192, 0),
(302, 115, 193, 0),
(303, 115, 194, 0),
(304, 115, 195, 0),
(305, 115, 133, 1),
(306, 115, 134, 1),
(307, 115, 135, 1),
(308, 115, 136, 1),
(309, 115, 137, 1),
(310, 115, 138, 1),
(311, 115, 139, 1),
(312, 115, 140, 1),
(313, 115, 141, 1),
(314, 115, 142, 1),
(315, 115, 143, 1),
(316, 115, 206, 0),
(317, 115, 207, 0),
(318, 115, 208, 0),
(319, 115, 209, 0),
(320, 115, 210, 0),
(321, 116, 45, 1),
(322, 116, 46, 1),
(323, 116, 47, 1),
(324, 116, 48, 1),
(325, 116, 49, 1),
(326, 116, 50, 1),
(327, 116, 51, 1),
(328, 116, 52, 1),
(329, 116, 53, 1),
(330, 116, 54, 1),
(331, 116, 55, 1),
(332, 116, 166, 0),
(333, 116, 167, 0),
(334, 116, 168, 0),
(335, 116, 169, 0),
(336, 116, 170, 0),
(337, 116, 122, 1),
(338, 116, 123, 1),
(339, 116, 124, 1),
(340, 116, 125, 1),
(341, 116, 126, 1),
(342, 116, 127, 1),
(343, 116, 128, 1),
(344, 116, 129, 1),
(345, 116, 130, 1),
(346, 116, 131, 1),
(347, 116, 132, 1),
(348, 116, 201, 0),
(349, 116, 202, 0),
(350, 116, 203, 0),
(351, 116, 204, 0),
(352, 116, 205, 0),
(353, 117, 78, 1),
(354, 117, 79, 1),
(355, 117, 80, 1),
(356, 117, 81, 1),
(357, 117, 82, 1),
(358, 117, 83, 1),
(359, 117, 84, 1),
(360, 117, 85, 1),
(361, 117, 86, 1),
(362, 117, 87, 1),
(363, 117, 88, 1),
(364, 117, 181, 0),
(365, 117, 182, 0),
(366, 117, 183, 0),
(367, 117, 184, 0),
(368, 117, 185, 0),
(369, 117, 111, 1),
(370, 117, 112, 1),
(371, 117, 113, 1),
(372, 117, 114, 1),
(373, 117, 115, 1),
(374, 117, 116, 1),
(375, 117, 117, 1),
(376, 117, 118, 1),
(377, 117, 119, 1),
(378, 117, 120, 1),
(379, 117, 121, 1),
(380, 117, 196, 0),
(381, 117, 197, 0),
(382, 117, 198, 0),
(383, 117, 199, 0),
(384, 117, 200, 0),
(385, 118, 56, 1),
(386, 118, 57, 1),
(387, 118, 58, 1),
(388, 118, 59, 1),
(389, 118, 60, 1),
(390, 118, 61, 1),
(391, 118, 62, 1),
(392, 118, 63, 1),
(393, 118, 64, 1),
(394, 118, 65, 1),
(395, 118, 66, 1),
(396, 118, 171, 0),
(397, 118, 172, 0),
(398, 118, 173, 0),
(399, 118, 174, 0),
(400, 118, 175, 0),
(401, 118, 89, 1),
(402, 118, 90, 1),
(403, 118, 91, 1),
(404, 118, 92, 1),
(405, 118, 93, 1),
(406, 118, 94, 1),
(407, 118, 95, 1),
(408, 118, 96, 1),
(409, 118, 97, 1),
(410, 118, 98, 1),
(411, 118, 99, 1),
(412, 118, 186, 0),
(413, 118, 187, 0),
(414, 118, 188, 0),
(415, 118, 189, 0),
(416, 118, 190, 0),
(417, 119, 100, 1),
(418, 119, 101, 1),
(419, 119, 102, 1),
(420, 119, 103, 1),
(421, 119, 104, 1),
(422, 119, 105, 1),
(423, 119, 106, 1),
(424, 119, 107, 1),
(425, 119, 108, 1),
(426, 119, 109, 1),
(427, 119, 110, 1),
(428, 119, 191, 0),
(429, 119, 192, 0),
(430, 119, 193, 0),
(431, 119, 194, 0),
(432, 119, 195, 0),
(433, 119, 144, 1),
(434, 119, 145, 1),
(435, 119, 146, 1),
(436, 119, 147, 1),
(437, 119, 148, 1),
(438, 119, 149, 1),
(439, 119, 150, 1),
(440, 119, 151, 1),
(441, 119, 152, 1),
(442, 119, 153, 1),
(443, 119, 154, 1),
(444, 119, 211, 0),
(445, 119, 212, 0),
(446, 119, 213, 0),
(447, 119, 214, 0),
(448, 119, 215, 0),
(449, 120, 67, 1),
(450, 120, 68, 1),
(451, 120, 69, 1),
(452, 120, 70, 1),
(453, 120, 71, 1),
(454, 120, 72, 1),
(455, 120, 73, 1),
(456, 120, 74, 1),
(457, 120, 75, 1),
(458, 120, 76, 1),
(459, 120, 77, 1),
(460, 120, 176, 0),
(461, 120, 177, 0),
(462, 120, 178, 0),
(463, 120, 179, 0),
(464, 120, 180, 0),
(465, 120, 133, 1),
(466, 120, 134, 1),
(467, 120, 135, 1),
(468, 120, 136, 1),
(469, 120, 137, 1),
(470, 120, 138, 1),
(471, 120, 139, 1),
(472, 120, 140, 1),
(473, 120, 141, 1),
(474, 120, 142, 1),
(475, 120, 143, 1),
(476, 120, 206, 0),
(477, 120, 207, 0),
(478, 120, 208, 0),
(479, 120, 209, 0),
(480, 120, 210, 0);

-- --------------------------------------------------------

--
-- Δομή πίνακα για τον πίνακα `players`
--

CREATE TABLE `players` (
  `id` int(11) NOT NULL,
  `name` varchar(50) NOT NULL,
  `position` varchar(50) NOT NULL,
  `team_id` int(11) DEFAULT NULL,
  `photo` varchar(255) DEFAULT NULL
) ENGINE=InnoDB DEFAULT CHARSET=utf8mb4 COLLATE=utf8mb4_general_ci;

--
-- Άδειασμα δεδομένων του πίνακα `players`
--

INSERT INTO `players` (`id`, `name`, `position`, `team_id`, `photo`) VALUES
(45, 'Τσίτσαν Στάνκοβιτς', 'GK - Τερματοφύλακας', 1, 'https://img.a.transfermarkt.technology/portrait/big/127679-1728414786.png?lm=1'),
(46, 'Ντομαγκόι Βίντα', 'CB - Κεντρικός Αμυντικός', 1, 'https://img.a.transfermarkt.technology/portrait/big/46083-1754428878.png?lm=1'),
(47, 'Αρόλντ Μουκουντί', 'CB - Κεντρικός Αμυντικός', 1, 'https://img.a.transfermarkt.technology/portrait/big/272636-1754428708.png?lm=1'),
(48, 'Λάζαρος Ρότα', 'RB - Δεξί Μπακ', 1, 'https://img.a.transfermarkt.technology/portrait/big/483916-1754429078.png?lm=1'),
(49, 'Εχσάν Χατζισαφί', 'LB - Αριστερό Μπακ', 1, 'https://img.a.transfermarkt.technology/portrait/big/77547-1728415346.png?lm=1'),
(50, 'Νταμιάν Σιμάνσκι', 'CDM - Αμυντικός Μέσος', 1, 'https://img.a.transfermarkt.technology/portrait/big/259881-1754429147.png?lm=1'),
(51, 'Γενς Γιόνσον', 'CM - Κεντρικός Μέσος', 1, 'https://img.a.transfermarkt.technology/portrait/big/148355-1754429230.png?lm=1'),
(52, 'Ορμπελίν Πινέδα', 'CM - Κεντρικός Μέσος', 1, 'https://img.a.transfermarkt.technology/portrait/big/334042-1754429262.png?lm=1'),
(53, 'Μιγιάτ Γκατσίνοβιτς', 'LM - Αριστερός Μέσος', 1, 'https://img.a.transfermarkt.technology/portrait/big/215864-1754429398.png?lm=1'),
(54, 'Λιβάι Γκαρσία', 'ST - Κεντρικός Επιθετικός', 1, 'https://img.a.transfermarkt.technology/portrait/big/354587-1754042353.png?lm=1'),
(55, 'Στίβεν Τσούμπερ', 'LW - Αριστερός Εξτρέμ', 1, 'https://img.a.transfermarkt.technology/portrait/big/68033-1754377961.png?lm=1'),
(56, 'Μπαρτλομιέι Ντραγκόφσκι', 'GK - Τερματοφύλακας', 2, 'https://img.a.transfermarkt.technology/portrait/big/208166-1756042716.png?lm=1'),
(57, 'Τιν Γεντβάι', 'CB - Κεντρικός Αμυντικός', 2, 'https://img.a.transfermarkt.technology/portrait/big/206386-1756042829.png?lm=1'),
(58, 'Ίνγκι Ίνγκασον', 'CB - Κεντρικός Αμυντικός', 2, 'https://img.a.transfermarkt.technology/portrait/big/137648-1756042923.png?lm=1'),
(59, 'Γιώργος Βαγιαννίδης', 'RB - Δεξί Μπακ', 2, 'https://img.a.transfermarkt.technology/portrait/big/546186-1765306981.jpg?lm=1'),
(60, 'Φίλιπ Μλαντένοβιτς', 'LB - Αριστερό Μπακ', 2, 'https://img.a.transfermarkt.technology/portrait/big/168063-1756043070.png?lm=1'),
(61, 'Γουίλιαν Αράο', 'CDM - Αμυντικός Μέσος', 2, 'https://img.a.transfermarkt.technology/portrait/big/210747-1748888804.png?lm=1'),
(62, 'Άνταμ Τσέριν', 'CM - Κεντρικός Μέσος', 2, 'https://img.a.transfermarkt.technology/portrait/big/401394-1756043274.png?lm=1'),
(63, 'Τάσος Μπακασέτας', 'CAM - Επιθετικός Μέσος', 2, 'https://img.a.transfermarkt.technology/portrait/big/162571-1756043448.png?lm=1'),
(64, 'Τετέ', 'RW - Δεξιός Εξτρέμ', 2, 'https://img.a.transfermarkt.technology/portrait/big/371256-1773153728.jpg?lm=1'),
(65, 'Φακούντο Πελίστρι', 'LW - Αριστερός Εξτρέμ', 2, 'https://img.a.transfermarkt.technology/portrait/big/676318-1756043624.png?lm=1'),
(66, 'Φώτης Ιωαννίδης', 'ST - Κεντρικός Επιθετικός', 2, 'https://img.a.transfermarkt.technology/portrait/big/532444-1765306791.jpg?lm=1'),
(67, 'Κωνσταντίνος Τζολάκης', 'GK - Τερματοφύλακας', 3, 'https://img.a.transfermarkt.technology/portrait/big/554389-1757715592.png?lm=1'),
(68, 'Παναγιώτης Ρέτσος', 'CB - Κεντρικός Αμυντικός', 3, 'https://img.a.transfermarkt.technology/portrait/big/324351-1757715951.png?lm=1\n'),
(69, 'Νταβίντ Κάρμο', 'CB - Κεντρικός Αμυντικός', 3, 'https://img.a.transfermarkt.technology/portrait/big/498237-1717008625.jpg?lm=1'),
(70, 'Κοστίνια', 'RB - Δεξί Μπακ', 3, 'https://img.a.transfermarkt.technology/portrait/big/539252-1757716210.png?lm=1'),
(71, 'Φρανσίσκο Ορτέγκα', 'LB - Αριστερό Μπακ', 3, 'https://img.a.transfermarkt.technology/portrait/big/553663-1757716144.png?lm=1'),
(72, 'Σαντιάγκο Έζε', 'CDM - Αμυντικός Μέσος', 3, 'https://img.a.transfermarkt.technology/portrait/big/742803-1757716296.png?lm=1'),
(73, 'Τσικίνιο', 'CM - Κεντρικός Μέσος', 3, 'https://img.a.transfermarkt.technology/portrait/big/334557-1757716528.png?lm=1'),
(74, 'Ζέλσον Μαρτίνς', 'RW - Δεξιός Εξτρέμ', 3, 'https://img.a.transfermarkt.technology/portrait/big/257448-1757716745.png?lm=1'),
(75, 'Κρίστοφερ Βέλντε', 'LW - Αριστερός Εξτρέμ', 3, 'https://img.a.transfermarkt.technology/portrait/big/499859-1771715496.jpg?lm=1'),
(76, 'Χαράλαμπος Κωστούλας', 'CAM - Επιθετικός Μέσος', 3, 'https://img.a.transfermarkt.technology/portrait/big/1060087-1750779518.jpg?lm=1'),
(77, 'Αγιούμπ Ελ Κααμπί', 'ST - Κεντρικός Επιθετικός', 3, 'https://img.a.transfermarkt.technology/portrait/big/521127-1757716791.png?lm=1'),
(78, 'Ντομινίκ Κοτάρσκι', 'GK - Τερματοφύλακας', 4, 'https://img.a.transfermarkt.technology/portrait/big/370997-1761081348.jpg?lm=1'),
(79, 'Τόμας Κεντζιόρα', 'CB - Κεντρικός Αμυντικός', 4, 'https://img.a.transfermarkt.technology/portrait/big/181118-1762636797.png?lm=1'),
(80, 'Ομάρ Κόλεϊ', 'CB - Κεντρικός Αμυντικός', 4, 'https://img.a.transfermarkt.technology/portrait/big/174733-1727966851.png?lm=1'),
(81, 'Γιόνι Ότο', 'RB - Δεξί Μπακ', 4, 'https://img.a.transfermarkt.technology/portrait/big/175446-1727967204.png?lm=1\n'),
(82, 'Ράχμαν Μπάμπα', 'LB - Αριστερό Μπακ', 4, 'https://img.a.transfermarkt.technology/portrait/big/224884-1762637079.png?lm=1'),
(83, 'Στέφαν Σβαμπ', 'CM - Κεντρικός Μέσος', 4, 'https://img.a.transfermarkt.technology/portrait/big/79612-1756808928.jpg?lm=1'),
(84, 'Μαγκομέντ Οζντόεφ', 'CM - Κεντρικός Μέσος', 4, 'https://img.a.transfermarkt.technology/portrait/big/137206-1762637238.png?lm=1'),
(85, 'Γιάννης Κωνσταντέλιας', 'CAM - Επιθετικός Μέσος', 4, 'https://img.a.transfermarkt.technology/portrait/big/628331-1762637456.png?lm=1'),
(86, 'Τάισον', 'LW - Αριστερός Εξτρέμ', 4, 'https://img.a.transfermarkt.technology/portrait/big/76028-1762637595.png?lm=1'),
(87, 'Αντρίγια Ζίβκοβιτς', 'RW - Δεξιός Εξτρέμ', 4, 'https://img.a.transfermarkt.technology/portrait/big/206843-1762637740.png?lm=1'),
(88, 'Φέντορ Τσάλοφ', 'ST - Κεντρικός Επιθετικός', 4, 'https://img.a.transfermarkt.technology/portrait/big/287183-1762637822.png?lm=1'),
(89, 'Χουλιάν Κουέστα', 'GK - Τερματοφύλακας', 5, 'https://upload.wikimedia.org/wikipedia/commons/7/7c/Profile_avatar_placeholder_large.png'),
(90, 'Γιάκουμπ Μπράμπετς', 'CB - Κεντρικός Αμυντικός', 5, 'https://upload.wikimedia.org/wikipedia/commons/7/7c/Profile_avatar_placeholder_large.png'),
(91, 'Φαμπιάνο Λέισμαν', 'CB - Κεντρικός Αμυντικός', 5, 'https://upload.wikimedia.org/wikipedia/commons/7/7c/Profile_avatar_placeholder_large.png'),
(92, 'Μάρτιν Μοντόγια', 'RB - Δεξί Μπακ', 5, 'https://upload.wikimedia.org/wikipedia/commons/7/7c/Profile_avatar_placeholder_large.png'),
(93, 'Φράνκο Φεράρι', 'LB - Αριστερό Μπακ', 5, 'https://upload.wikimedia.org/wikipedia/commons/7/7c/Profile_avatar_placeholder_large.png'),
(94, 'Χοσέ Σιφουέντες', 'CDM - Αμυντικός Μέσος', 5, 'https://upload.wikimedia.org/wikipedia/commons/7/7c/Profile_avatar_placeholder_large.png'),
(95, 'Βλάντιμιρ Νταρίντα', 'CM - Κεντρικός Μέσος', 5, 'https://upload.wikimedia.org/wikipedia/commons/7/7c/Profile_avatar_placeholder_large.png'),
(96, 'Μάνου Γκαρθία', 'CAM - Επιθετικός Μέσος', 5, 'https://upload.wikimedia.org/wikipedia/commons/7/7c/Profile_avatar_placeholder_large.png'),
(97, 'Σάπι Σουλεϊμάνοφ', 'RW - Δεξιός Εξτρέμ', 5, 'https://upload.wikimedia.org/wikipedia/commons/7/7c/Profile_avatar_placeholder_large.png'),
(98, 'Πιονέ Σίστο', 'LW - Αριστερός Εξτρέμ', 5, 'https://upload.wikimedia.org/wikipedia/commons/7/7c/Profile_avatar_placeholder_large.png'),
(99, 'Λορέν Μορόν', 'ST - Κεντρικός Επιθετικός', 5, 'https://upload.wikimedia.org/wikipedia/commons/7/7c/Profile_avatar_placeholder_large.png'),
(100, 'Νόαμ Μπάουμαν', 'GK - Τερματοφύλακας', 6, 'https://upload.wikimedia.org/wikipedia/commons/7/7c/Profile_avatar_placeholder_large.png'),
(101, 'Βασίλης Λαμπρόπουλος', 'CB - Κεντρικός Αμυντικός', 6, 'https://upload.wikimedia.org/wikipedia/commons/7/7c/Profile_avatar_placeholder_large.png'),
(102, 'Ματέους Μπρεσάν', 'CB - Κεντρικός Αμυντικός', 6, 'https://upload.wikimedia.org/wikipedia/commons/7/7c/Profile_avatar_placeholder_large.png'),
(103, 'Γιάννης Μαρινάκης', 'RB - Δεξί Μπακ', 6, 'https://upload.wikimedia.org/wikipedia/commons/7/7c/Profile_avatar_placeholder_large.png'),
(104, 'Ηλίας Χατζηθεοδωρίδης', 'LB - Αριστερό Μπακ', 6, 'https://upload.wikimedia.org/wikipedia/commons/7/7c/Profile_avatar_placeholder_large.png'),
(105, 'Μάρκο Μπάκιτς', 'CM - Κεντρικός Μέσος', 6, 'https://upload.wikimedia.org/wikipedia/commons/7/7c/Profile_avatar_placeholder_large.png'),
(106, 'Γιον Τοράλ', 'CAM - Επιθετικός Μέσος', 6, 'https://upload.wikimedia.org/wikipedia/commons/7/7c/Profile_avatar_placeholder_large.png'),
(107, 'Τιάγκο Νους', 'RW - Δεξιός Εξτρέμ', 6, 'https://upload.wikimedia.org/wikipedia/commons/7/7c/Profile_avatar_placeholder_large.png'),
(108, 'Λερουά Αμπάντα', 'LW - Αριστερός Εξτρέμ', 6, 'https://upload.wikimedia.org/wikipedia/commons/7/7c/Profile_avatar_placeholder_large.png'),
(109, 'Αντριάν Ριέρα', 'CAM - Επιθετικός Μέσος', 6, 'https://upload.wikimedia.org/wikipedia/commons/7/7c/Profile_avatar_placeholder_large.png'),
(110, 'Άαρον Ισέκα', 'ST - Κεντρικός Επιθετικός', 6, 'https://upload.wikimedia.org/wikipedia/commons/7/7c/Profile_avatar_placeholder_large.png'),
(111, 'Νίκος Παπαδόπουλος', 'GK - Τερματοφύλακας', 7, 'https://upload.wikimedia.org/wikipedia/commons/7/7c/Profile_avatar_placeholder_large.png'),
(112, 'Πίτσου Ατιένθα', 'CB - Κεντρικός Αμυντικός', 7, 'https://upload.wikimedia.org/wikipedia/commons/7/7c/Profile_avatar_placeholder_large.png'),
(113, 'Σιμόν Ντελί', 'CB - Κεντρικός Αμυντικός', 7, 'https://upload.wikimedia.org/wikipedia/commons/7/7c/Profile_avatar_placeholder_large.png'),
(114, 'Ρουμπέν Γκαρθία', 'RB - Δεξί Μπακ', 7, 'https://upload.wikimedia.org/wikipedia/commons/7/7c/Profile_avatar_placeholder_large.png'),
(115, 'Διαμαντής Χουχούμης', 'LB - Αριστερό Μπακ', 7, 'https://upload.wikimedia.org/wikipedia/commons/7/7c/Profile_avatar_placeholder_large.png'),
(116, 'Χουάν Μουνάφο', 'CDM - Αμυντικός Μέσος', 7, 'https://upload.wikimedia.org/wikipedia/commons/7/7c/Profile_avatar_placeholder_large.png'),
(117, 'Γιαμπλόνσκι', 'CM - Κεντρικός Μέσος', 7, 'https://upload.wikimedia.org/wikipedia/commons/7/7c/Profile_avatar_placeholder_large.png'),
(118, 'Φρανσέσκ Ρεγκίς', 'LW - Αριστερός Εξτρέμ', 7, 'https://upload.wikimedia.org/wikipedia/commons/7/7c/Profile_avatar_placeholder_large.png'),
(119, 'Χουλιάν Μπαρτόλο', 'RW - Δεξιός Εξτρέμ', 7, 'https://upload.wikimedia.org/wikipedia/commons/7/7c/Profile_avatar_placeholder_large.png'),
(120, 'Νίκος Καλτσάς', 'RM - Δεξιός Μέσος', 7, 'https://upload.wikimedia.org/wikipedia/commons/7/7c/Profile_avatar_placeholder_large.png'),
(121, 'Χενιμάρ Μιριτέλο', 'ST - Κεντρικός Επιθετικός', 7, 'https://upload.wikimedia.org/wikipedia/commons/7/7c/Profile_avatar_placeholder_large.png'),
(122, 'Αλεξέι Κοσέλεφ', 'GK - Τερματοφύλακας', 8, 'https://upload.wikimedia.org/wikipedia/commons/7/7c/Profile_avatar_placeholder_large.png'),
(123, 'Δημήτρης Τσακμάκης', 'CB - Κεντρικός Αμυντικός', 8, 'https://upload.wikimedia.org/wikipedia/commons/7/7c/Profile_avatar_placeholder_large.png'),
(124, 'Λούκας Τζαβέλλας', 'CB - Κεντρικός Αμυντικός', 8, 'https://upload.wikimedia.org/wikipedia/commons/7/7c/Profile_avatar_placeholder_large.png'),
(125, 'Ντάνι Καστεγιάνο', 'LB - Αριστερό Μπακ', 8, 'https://upload.wikimedia.org/wikipedia/commons/7/7c/Profile_avatar_placeholder_large.png'),
(126, 'Γιάννης Κιβρακίδης', 'RB - Δεξί Μπακ', 8, 'https://upload.wikimedia.org/wikipedia/commons/7/7c/Profile_avatar_placeholder_large.png'),
(127, 'Έντερ Γκονζάλεθ', 'CDM - Αμυντικός Μέσος', 8, 'https://upload.wikimedia.org/wikipedia/commons/7/7c/Profile_avatar_placeholder_large.png'),
(128, 'Όγκνιεν Κούζμιτς', 'CM - Κεντρικός Μέσος', 8, 'https://upload.wikimedia.org/wikipedia/commons/7/7c/Profile_avatar_placeholder_large.png'),
(129, 'Ντένζελ Γιουμπιτάνα', 'CAM - Επιθετικός Μέσος', 8, 'https://upload.wikimedia.org/wikipedia/commons/7/7c/Profile_avatar_placeholder_large.png'),
(130, 'Αμρ Ουάρντα', 'LW - Αριστερός Εξτρέμ', 8, 'https://upload.wikimedia.org/wikipedia/commons/7/7c/Profile_avatar_placeholder_large.png'),
(131, 'Παναγιώτης Τσιντώτας', 'RW - Δεξιός Εξτρέμ', 8, 'https://upload.wikimedia.org/wikipedia/commons/7/7c/Profile_avatar_placeholder_large.png'),
(132, 'Καρλίτος', 'ST - Κεντρικός Επιθετικός', 8, 'https://upload.wikimedia.org/wikipedia/commons/7/7c/Profile_avatar_placeholder_large.png'),
(133, 'Λούκας Τσάβες', 'GK - Τερματοφύλακας', 9, 'https://upload.wikimedia.org/wikipedia/commons/7/7c/Profile_avatar_placeholder_large.png'),
(134, 'Μάριος Οικονόμου', 'CB - Κεντρικός Αμυντικός', 9, 'https://upload.wikimedia.org/wikipedia/commons/7/7c/Profile_avatar_placeholder_large.png'),
(135, 'Σεμπάστιαν Μλάντεν', 'CB - Κεντρικός Αμυντικός', 9, 'https://upload.wikimedia.org/wikipedia/commons/7/7c/Profile_avatar_placeholder_large.png'),
(136, 'Γιώργος Λιάβας', 'RB - Δεξί Μπακ', 9, 'https://upload.wikimedia.org/wikipedia/commons/7/7c/Profile_avatar_placeholder_large.png'),
(137, 'Πέδρο Σίλβα', 'LB - Αριστερό Μπακ', 9, 'https://upload.wikimedia.org/wikipedia/commons/7/7c/Profile_avatar_placeholder_large.png'),
(138, 'Φακούντο Πέρες', 'CDM - Αμυντικός Μέσος', 9, 'https://upload.wikimedia.org/wikipedia/commons/7/7c/Profile_avatar_placeholder_large.png'),
(139, 'Τζίμι Ταμπίτζε', 'CM - Κεντρικός Μέσος', 9, 'https://upload.wikimedia.org/wikipedia/commons/7/7c/Profile_avatar_placeholder_large.png'),
(140, 'Χουάνπι', 'CAM - Επιθετικός Μέσος', 9, 'https://upload.wikimedia.org/wikipedia/commons/7/7c/Profile_avatar_placeholder_large.png'),
(141, 'Νίκος Καρέλης', 'ST - Κεντρικός Επιθετικός', 9, 'https://upload.wikimedia.org/wikipedia/commons/7/7c/Profile_avatar_placeholder_large.png'),
(142, 'Ζοάο Πέδρο', 'ST - Κεντρικός Επιθετικός', 9, 'https://upload.wikimedia.org/wikipedia/commons/7/7c/Profile_avatar_placeholder_large.png'),
(143, 'Σέρχιο Ντίαζ', 'LW - Αριστερός Εξτρέμ', 9, 'https://upload.wikimedia.org/wikipedia/commons/7/7c/Profile_avatar_placeholder_large.png'),
(144, 'Άντριαν Χόβαν', 'GK - Τερματοφύλακας', 10, 'https://upload.wikimedia.org/wikipedia/commons/7/7c/Profile_avatar_placeholder_large.png'),
(145, 'Νίκος Γκοτζαμανίδης', 'CB - Κεντρικός Αμυντικός', 10, 'https://upload.wikimedia.org/wikipedia/commons/7/7c/Profile_avatar_placeholder_large.png'),
(146, 'Εμίλ Μπέργκστρομ', 'CB - Κεντρικός Αμυντικός', 10, 'https://upload.wikimedia.org/wikipedia/commons/7/7c/Profile_avatar_placeholder_large.png'),
(147, 'Παναγιώτης Δεληγιαννίδης', 'RB - Δεξί Μπακ', 10, 'https://upload.wikimedia.org/wikipedia/commons/7/7c/Profile_avatar_placeholder_large.png'),
(148, 'Κώστας Πηλέας', 'LB - Αριστερό Μπακ', 10, 'https://upload.wikimedia.org/wikipedia/commons/7/7c/Profile_avatar_placeholder_large.png'),
(149, 'Κέιν Γούλερι', 'CDM - Αμυντικός Μέσος', 10, 'https://upload.wikimedia.org/wikipedia/commons/7/7c/Profile_avatar_placeholder_large.png'),
(150, 'Σταύρος Πεταυράκης', 'CM - Κεντρικός Μέσος', 10, 'https://upload.wikimedia.org/wikipedia/commons/7/7c/Profile_avatar_placeholder_large.png'),
(151, 'Άλεξ', 'CAM - Επιθετικός Μέσος', 10, 'https://upload.wikimedia.org/wikipedia/commons/7/7c/Profile_avatar_placeholder_large.png'),
(152, 'Σάββας Μούργος', 'RW - Δεξιός Εξτρέμ', 10, 'https://upload.wikimedia.org/wikipedia/commons/7/7c/Profile_avatar_placeholder_large.png'),
(153, 'Μάριος Σοφιανός', 'LW - Αριστερός Εξτρέμ', 10, 'https://upload.wikimedia.org/wikipedia/commons/7/7c/Profile_avatar_placeholder_large.png'),
(154, 'Κόστα Άλεξιτς', 'ST - Κεντρικός Επιθετικός', 10, 'https://upload.wikimedia.org/wikipedia/commons/7/7c/Profile_avatar_placeholder_large.png'),
(166, 'Γιώργος Αθανασιάδης', 'GK - Τερματοφύλακας', 1, 'https://img.a.transfermarkt.technology/portrait/big/234888-1746718435.jpg?lm=1'),
(167, 'Γεράσιμος Μήτογλου', 'CB - Κεντρικός Αμυντικός', 1, 'https://img.a.transfermarkt.technology/portrait/big/684519-1754428789.png?lm=1'),
(168, 'Κώστας Γαλανόπουλος', 'CM - Κεντρικός Μέσος', 1, '\nhttps://img.a.transfermarkt.technology/portrait/big/370885-1728415775.png?lm=1'),
(169, 'Νίκλας Ελίασον', 'RM - Δεξιός Μέσος', 1, '\nhttps://img.a.transfermarkt.technology/portrait/big/251813-1754429364.png?lm=1'),
(170, 'Σέρχιο Αραούχο', 'ST - Κεντρικός Επιθετικός', 1, 'https://img.a.transfermarkt.technology/portrait/big/110366-1628956856.png?lm=1'),
(171, 'Γιούρι Λοντίγκιν', 'GK - Τερματοφύλακας', 2, 'https://img.a.transfermarkt.technology/portrait/big/126360-1757720158.jpg?lm=1'),
(172, 'Μπαρτ Σένκεφελντ', 'CB - Κεντρικός Αμυντικός', 2, 'https://img.a.transfermarkt.technology/portrait/big/124895-1748887322.png?lm=1'),
(173, 'Ρούμπεν Πέρεθ', 'CDM - Αμυντικός Μέσος', 2, 'https://img.a.transfermarkt.technology/portrait/big/113045-1762961532.jpg?lm=1'),
(174, 'Ντανιέλ Μαντσίνι', 'RW - Δεξιός Εξτρέμ', 2, 'https://img.a.transfermarkt.technology/portrait/big/381348-1756043656.png?lm=1'),
(175, 'Αντράζ Σπόραρ', 'ST - Κεντρικός Επιθετικός', 2, 'https://img.a.transfermarkt.technology/portrait/big/179860-1719928232.jpg?lm=1'),
(176, 'Αλέξανδρος Πασχαλάκης', 'GK - Τερματοφύλακας', 3, 'https://img.a.transfermarkt.technology/portrait/big/88348-1757715807.png?lm=1'),
(177, 'Ανδρέας Ντόι', 'CB - Κεντρικός Αμυντικός', 3, 'https://img.a.transfermarkt.technology/portrait/big/724035-1771960523.jpg?lm=1'),
(178, 'Βιθέντε Ιμπόρα', 'CDM - Αμυντικός Μέσος', 3, 'https://img.a.transfermarkt.technology/portrait/big/65467-1717008492.jpg?lm=1'),
(179, 'Γιώργος Μασούρας', 'RW - Δεξιός Εξτρέμ', 3, 'https://img.a.transfermarkt.technology/portrait/big/329517-1718287090.jpg?lm=1'),
(180, 'Φραν Ναβάρο', 'ST - Κεντρικός Επιθετικός', 3, 'https://img.a.transfermarkt.technology/portrait/big/284883-1693589967.png?lm=1'),
(181, 'Ζίβκο Ζίβκοβιτς', 'GK - Τερματοφύλακας', 4, 'https://img.a.transfermarkt.technology/portrait/big/51161-1777757933.png?lm=1'),
(182, 'Γιάννης Μιχαηλίδης', 'CB - Κεντρικός Αμυντικός', 4, 'https://img.a.transfermarkt.technology/portrait/big/464528-1762636835.png?lm=1'),
(183, 'Σουαλιό Μεϊτέ', 'CM - Κεντρικός Μέσος', 4, 'https://img.a.transfermarkt.technology/portrait/big/164913-1762637206.png?lm=1'),
(184, 'Κίριλ Ντεσπόντοφ', 'RW - Δεξιός Εξτρέμ', 4, 'https://img.a.transfermarkt.technology/portrait/big/221540-1762637787.png?lm=1'),
(185, 'Μπράντον Τόμας', 'ST - Κεντρικός Επιθετικός', 4, 'https://img.a.transfermarkt.technology/portrait/big/251680-1762901697.png?lm=1'),
(186, 'Μαξιμιλιάνο Έמן', 'GK - Τερματοφύλακας', 5, 'https://upload.wikimedia.org/wikipedia/commons/7/7c/Profile_avatar_placeholder_large.png'),
(187, 'Λίντσεϊ Ρόουζ', 'CB - Κεντρικός Αμυντικός', 5, 'https://upload.wikimedia.org/wikipedia/commons/7/7c/Profile_avatar_placeholder_large.png'),
(188, 'Μπίργκερ Βερστράτε', 'CDM - Αμυντικός Μέσος', 5, 'https://upload.wikimedia.org/wikipedia/commons/7/7c/Profile_avatar_placeholder_large.png'),
(189, 'Γιάννης Φετφατζίδης', 'RW - Δεξιός Εξτρέμ', 5, 'https://upload.wikimedia.org/wikipedia/commons/7/7c/Profile_avatar_placeholder_large.png'),
(190, 'Άλβαρο Σαμόρα', 'LW - Αριστερός Εξτρέμ', 5, 'https://upload.wikimedia.org/wikipedia/commons/7/7c/Profile_avatar_placeholder_large.png'),
(191, 'Χρήστος Μανδάς', 'GK - Τερματοφύλακας', 6, 'https://upload.wikimedia.org/wikipedia/commons/7/7c/Profile_avatar_placeholder_large.png'),
(192, 'Πραξιτέλης Βούρος', 'CB - Κεντρικός Αμυντικός', 6, 'https://upload.wikimedia.org/wikipedia/commons/7/7c/Profile_avatar_placeholder_large.png'),
(193, 'Μιγκέλ Μεγιάδο', 'CDM - Αμυντικός Μέσος', 6, 'https://upload.wikimedia.org/wikipedia/commons/7/7c/Profile_avatar_placeholder_large.png'),
(194, 'Χουάν Νέιρα', 'CAM - Επιθετικός Μέσος', 6, 'https://upload.wikimedia.org/wikipedia/commons/7/7c/Profile_avatar_placeholder_large.png'),
(195, 'Νουά Ντικό', 'ST - Κεντρικός Επιθετικός', 6, 'https://upload.wikimedia.org/wikipedia/commons/7/7c/Profile_avatar_placeholder_large.png'),
(196, 'Αντώνης Τσιφτσής', 'GK - Τερματοφύλακας', 7, 'https://upload.wikimedia.org/wikipedia/commons/7/7c/Profile_avatar_placeholder_large.png'),
(197, 'Πέπε Καστάνιο', 'CB - Κεντρικός Αμυντικός', 7, 'https://upload.wikimedia.org/wikipedia/commons/7/7c/Profile_avatar_placeholder_large.png'),
(198, 'Χοσέ Λουίς Βαλιέντε', 'CM - Κεντρικός Μέσος', 7, 'https://upload.wikimedia.org/wikipedia/commons/7/7c/Profile_avatar_placeholder_large.png'),
(199, 'Φακούντο Μπερτόγλιο', 'CAM - Επιθετικός Μέσος', 7, 'https://upload.wikimedia.org/wikipedia/commons/7/7c/Profile_avatar_placeholder_large.png'),
(200, 'Βασίλης Μάντζης', 'ST - Κεντρικός Επιθετικός', 7, 'https://upload.wikimedia.org/wikipedia/commons/7/7c/Profile_avatar_placeholder_large.png'),
(201, 'Γκαμπριέλε Μαρκετζάνι', 'GK - Τερματοφύλακας', 8, 'https://upload.wikimedia.org/wikipedia/commons/7/7c/Profile_avatar_placeholder_large.png'),
(202, 'Κυριάκος Κιβρακίδης', 'RB - Δεξί Μπακ', 8, 'https://upload.wikimedia.org/wikipedia/commons/7/7c/Profile_avatar_placeholder_large.png'),
(203, 'Αουγκούστ Έρλινγκμαρκ', 'CDM - Αμυντικός Μέσος', 8, 'https://upload.wikimedia.org/wikipedia/commons/7/7c/Profile_avatar_placeholder_large.png'),
(204, 'Γιώργος Βρακάς', 'CAM - Επιθετικός Μέσος', 8, 'https://upload.wikimedia.org/wikipedia/commons/7/7c/Profile_avatar_placeholder_large.png'),
(205, 'Κάρολ Αντζιέλσκι', 'ST - Κεντρικός Επιθετικός', 8, 'https://upload.wikimedia.org/wikipedia/commons/7/7c/Profile_avatar_placeholder_large.png'),
(206, 'Αντώνης Στεργιάκης', 'GK - Τερματοφύλακας', 9, 'https://upload.wikimedia.org/wikipedia/commons/7/7c/Profile_avatar_placeholder_large.png'),
(207, 'Αλέξανδρος Μαλής', 'CB - Κεντρικός Αμυντικός', 9, 'https://upload.wikimedia.org/wikipedia/commons/7/7c/Profile_avatar_placeholder_large.png'),
(208, 'Άγγελος Τσιγγάρας', 'CM - Κεντρικός Μέσος', 9, 'https://upload.wikimedia.org/wikipedia/commons/7/7c/Profile_avatar_placeholder_large.png'),
(209, 'Φρεντερίκο Ντουάρτε', 'LW - Αριστερός Εξτρέμ', 9, 'https://upload.wikimedia.org/wikipedia/commons/7/7c/Profile_avatar_placeholder_large.png'),
(210, 'Λεβάν Σενγκέλια', 'RW - Δεξιός Εξτρέμ', 9, 'https://upload.wikimedia.org/wikipedia/commons/7/7c/Profile_avatar_placeholder_large.png'),
(211, 'Απόστολος Τσιλιγγίρης', 'GK - Τερματοφύλακας', 10, 'https://upload.wikimedia.org/wikipedia/commons/7/7c/Profile_avatar_placeholder_large.png'),
(212, 'Τάσος Αυλωνίτης', 'CB - Κεντρικός Αμυντικός', 10, 'https://upload.wikimedia.org/wikipedia/commons/7/7c/Profile_avatar_placeholder_large.png'),
(213, 'Πασχάλης Στάικος', 'CM - Κεντρικός Μέσος', 10, 'https://upload.wikimedia.org/wikipedia/commons/7/7c/Profile_avatar_placeholder_large.png'),
(214, 'Ματίας Τόμας', 'CAM - Επιθετικός Μέσος', 10, 'https://upload.wikimedia.org/wikipedia/commons/7/7c/Profile_avatar_placeholder_large.png'),
(215, 'Χεφτέ Μπετανκόρ', 'ST - Κεντρικός Επιθετικός', 10, 'https://upload.wikimedia.org/wikipedia/commons/7/7c/Profile_avatar_placeholder_large.png');

-- --------------------------------------------------------

--
-- Δομή πίνακα για τον πίνακα `standings`
--

CREATE TABLE `standings` (
  `id` int(11) NOT NULL,
  `team_id` int(11) DEFAULT NULL,
  `points` int(11) DEFAULT 0,
  `wins` int(11) DEFAULT 0,
  `draws` int(11) DEFAULT 0,
  `losses` int(11) DEFAULT 0,
  `goals_for` int(11) DEFAULT 0,
  `goals_against` int(11) DEFAULT 0
) ENGINE=InnoDB DEFAULT CHARSET=utf8mb4 COLLATE=utf8mb4_general_ci;

--
-- Άδειασμα δεδομένων του πίνακα `standings`
--

INSERT INTO `standings` (`id`, `team_id`, `points`, `wins`, `draws`, `losses`, `goals_for`, `goals_against`) VALUES
(17, 1, 6, 2, 0, 1, 4, 3),
(18, 2, 7, 2, 1, 0, 5, 1),
(19, 3, 7, 2, 1, 0, 5, 2),
(20, 4, 9, 3, 0, 0, 7, 0),
(21, 5, 1, 0, 1, 2, 2, 5),
(22, 6, 0, 0, 0, 3, 2, 7),
(23, 7, 2, 0, 2, 1, 1, 3),
(24, 8, 1, 0, 1, 2, 1, 5),
(25, 9, 4, 1, 1, 1, 3, 3),
(26, 10, 4, 1, 1, 1, 3, 4);

-- --------------------------------------------------------

--
-- Δομή πίνακα για τον πίνακα `teams`
--

CREATE TABLE `teams` (
  `id` int(11) NOT NULL,
  `name` varchar(30) NOT NULL,
  `city` varchar(50) NOT NULL,
  `badge` varchar(255) DEFAULT NULL
) ENGINE=InnoDB DEFAULT CHARSET=utf8mb4 COLLATE=utf8mb4_general_ci;

--
-- Άδειασμα δεδομένων του πίνακα `teams`
--

INSERT INTO `teams` (`id`, `name`, `city`, `badge`) VALUES
(1, 'ΑΕΚ', 'Αθήνα', 'https://upload.wikimedia.org/wikipedia/el/thumb/3/3b/AEK_Athens_FC_%28logo%29.svg/500px-AEK_Athens_FC_%28logo%29.svg.png'),
(2, 'Παναθηναϊκός', 'Αθήνα', 'https://upload.wikimedia.org/wikipedia/commons/thumb/f/f7/Panathinaikos.svg/500px-Panathinaikos.svg.png'),
(3, 'Ολυμπιακός', 'Πειραιάς', 'https://upload.wikimedia.org/wikipedia/el/thumb/0/0e/Olympiacos_FC_2024_logo.png/500px-Olympiacos_FC_2024_logo.png'),
(4, 'ΠΑΟΚ', 'Θεσσαλονίκη', 'https://upload.wikimedia.org/wikipedia/el/5/52/PAOK_FC_%282013_logo%29.png'),
(5, 'Άρης', 'Θεσσαλονίκη', 'https://upload.wikimedia.org/wikipedia/el/thumb/e/e4/Aris_Thessaloniki_F.C._logo.svg/330px-Aris_Thessaloniki_F.C._logo.svg.png'),
(6, 'ΟΦΗ', 'Ηράκλειο', 'https://upload.wikimedia.org/wikipedia/el/e/e9/OFI_FC_Logo_2020.png'),
(7, 'Αστέρας Τρίπολης', 'Τρίπολη', 'https://upload.wikimedia.org/wikipedia/en/thumb/4/4c/Asteras_Tripolis_FC_logo.svg/500px-Asteras_Tripolis_FC_logo.svg.png'),
(8, 'Ατρόμητος', 'Περιστέρι', 'https://upload.wikimedia.org/wikipedia/el/thumb/5/5a/Atromitos_logo.svg/500px-Atromitos_logo.svg.png'),
(9, 'Παναιτωλικός', 'Αγρίνιο', 'https://upload.wikimedia.org/wikipedia/el/thumb/6/65/Panetolikos_logo.svg/500px-Panetolikos_logo.svg.png'),
(10, 'Πανσερραϊκός', 'Σέρρες', 'https://upload.wikimedia.org/wikipedia/en/b/b0/Panseraikos_new_emblem.png');

--
-- Ευρετήρια για άχρηστους πίνακες
--

--
-- Ευρετήρια για πίνακα `matches`
--
ALTER TABLE `matches`
  ADD PRIMARY KEY (`id`),
  ADD KEY `home_team_id` (`home_team_id`),
  ADD KEY `away_team_id` (`away_team_id`);

--
-- Ευρετήρια για πίνακα `match_events`
--
ALTER TABLE `match_events`
  ADD PRIMARY KEY (`id`),
  ADD KEY `match_id` (`match_id`),
  ADD KEY `player_id` (`player_id`);

--
-- Ευρετήρια για πίνακα `match_lineups`
--
ALTER TABLE `match_lineups`
  ADD PRIMARY KEY (`id`),
  ADD KEY `match_id` (`match_id`),
  ADD KEY `player_id` (`player_id`);

--
-- Ευρετήρια για πίνακα `players`
--
ALTER TABLE `players`
  ADD PRIMARY KEY (`id`),
  ADD KEY `team_id` (`team_id`);

--
-- Ευρετήρια για πίνακα `standings`
--
ALTER TABLE `standings`
  ADD PRIMARY KEY (`id`),
  ADD KEY `team_id` (`team_id`);

--
-- Ευρετήρια για πίνακα `teams`
--
ALTER TABLE `teams`
  ADD PRIMARY KEY (`id`);

--
-- AUTO_INCREMENT για άχρηστους πίνακες
--

--
-- AUTO_INCREMENT για πίνακα `matches`
--
ALTER TABLE `matches`
  MODIFY `id` int(11) NOT NULL AUTO_INCREMENT, AUTO_INCREMENT=151;

--
-- AUTO_INCREMENT για πίνακα `match_events`
--
ALTER TABLE `match_events`
  MODIFY `id` int(11) NOT NULL AUTO_INCREMENT, AUTO_INCREMENT=365;

--
-- AUTO_INCREMENT για πίνακα `match_lineups`
--
ALTER TABLE `match_lineups`
  MODIFY `id` int(11) NOT NULL AUTO_INCREMENT, AUTO_INCREMENT=481;

--
-- AUTO_INCREMENT για πίνακα `players`
--
ALTER TABLE `players`
  MODIFY `id` int(11) NOT NULL AUTO_INCREMENT, AUTO_INCREMENT=216;

--
-- AUTO_INCREMENT για πίνακα `standings`
--
ALTER TABLE `standings`
  MODIFY `id` int(11) NOT NULL AUTO_INCREMENT, AUTO_INCREMENT=27;

--
-- AUTO_INCREMENT για πίνακα `teams`
--
ALTER TABLE `teams`
  MODIFY `id` int(11) NOT NULL AUTO_INCREMENT, AUTO_INCREMENT=15;

--
-- Περιορισμοί για άχρηστους πίνακες
--

--
-- Περιορισμοί για πίνακα `matches`
--
ALTER TABLE `matches`
  ADD CONSTRAINT `matches_ibfk_1` FOREIGN KEY (`home_team_id`) REFERENCES `teams` (`id`) ON DELETE CASCADE,
  ADD CONSTRAINT `matches_ibfk_2` FOREIGN KEY (`away_team_id`) REFERENCES `teams` (`id`) ON DELETE CASCADE;

--
-- Περιορισμοί για πίνακα `match_events`
--
ALTER TABLE `match_events`
  ADD CONSTRAINT `match_events_ibfk_1` FOREIGN KEY (`match_id`) REFERENCES `matches` (`id`),
  ADD CONSTRAINT `match_events_ibfk_2` FOREIGN KEY (`player_id`) REFERENCES `players` (`id`);

--
-- Περιορισμοί για πίνακα `match_lineups`
--
ALTER TABLE `match_lineups`
  ADD CONSTRAINT `match_lineups_ibfk_1` FOREIGN KEY (`match_id`) REFERENCES `matches` (`id`),
  ADD CONSTRAINT `match_lineups_ibfk_2` FOREIGN KEY (`player_id`) REFERENCES `players` (`id`);

--
-- Περιορισμοί για πίνακα `players`
--
ALTER TABLE `players`
  ADD CONSTRAINT `players_ibfk_1` FOREIGN KEY (`team_id`) REFERENCES `teams` (`id`) ON DELETE CASCADE;

--
-- Περιορισμοί για πίνακα `standings`
--
ALTER TABLE `standings`
  ADD CONSTRAINT `standings_ibfk_1` FOREIGN KEY (`team_id`) REFERENCES `teams` (`id`) ON DELETE CASCADE;
COMMIT;

/*!40101 SET CHARACTER_SET_CLIENT=@OLD_CHARACTER_SET_CLIENT */;
/*!40101 SET CHARACTER_SET_RESULTS=@OLD_CHARACTER_SET_RESULTS */;
/*!40101 SET COLLATION_CONNECTION=@OLD_COLLATION_CONNECTION */;
